id	hit_freq	conf_freq	appr_freq	fixed_freq	object_freq	grat_freq	pray_freq	preserve_freq	presupp_freq	resignate_freq	trave_freq	trade_freq	health_freq	politics_freq	social_freq	pair	sender_over_40	addressee_over_40	sender_is_older	age_gap_over_20	gender_pair	connection
53	129.25	0.00	0.00	0.00	0.00	43.08	43.08	0.00	43.08	0.00	0.00	86.17	0.00	0.00	0.00	"CHRISTOPHER BLACKWOOD JR", "SAMUEL JEAKE JR"	FALSE	FALSE	TRUE	FALSE	MALE-MALE	FAMILY
54	0.00	0.00	0.00	0.00	0.00	0.00	0.00	0.00	0.00	0.00	0.00	0.00	0.00	0.00	0.00	"CHRISTOPHER BLACKWOOD JR", "SAMUEL JEAKE JR"	FALSE	FALSE	TRUE	FALSE	MALE-MALE	FAMILY
67	0.00	0.00	0.00	0.00	0.00	0.00	0.00	0.00	0.00	0.00	0.00	0.00	0.00	0.00	0.00	"CHRISTOPHER BLACKWOOD JR", "SAMUEL JEAKE JR"	FALSE	FALSE	TRUE	FALSE	MALE-MALE	FAMILY
71	0.00	0.00	0.00	0.00	0.00	0.00	0.00	0.00	0.00	0.00	0.00	0.00	0.00	0.00	0.00	"CHRISTOPHER BLACKWOOD JR", "SAMUEL JEAKE JR"	FALSE	FALSE	TRUE	FALSE	MALE-MALE	FAMILY
106	0.00	0.00	0.00	0.00	0.00	0.00	0.00	0.00	0.00	0.00	0.00	0.00	0.00	0.00	0.00	"CHRISTOPHER BLACKWOOD JR", "SAMUEL JEAKE JR"	FALSE	FALSE	TRUE	FALSE	MALE-MALE	FAMILY
56	147.78	0.00	0.00	0.00	0.00	0.00	0.00	0.00	0.00	0.00	0.00	0.00	0.00	0.00	98.52	"ELIZABETH DIGHTON", "SAMUEL JEAKE JR"	TRUE	FALSE	TRUE	TRUE	FEMALE-MALE	EXTENDED FAMILY
61	147.78	0.00	0.00	0.00	0.00	0.00	0.00	49.26	0.00	0.00	0.00	0.00	0.00	0.00	0.00	"ELIZABETH DIGHTON", "SAMUEL JEAKE JR"	TRUE	FALSE	TRUE	TRUE	FEMALE-MALE	EXTENDED FAMILY
64	49.26	0.00	0.00	0.00	0.00	0.00	0.00	0.00	0.00	0.00	0.00	0.00	0.00	0.00	0.00	"ELIZABETH DIGHTON", "SAMUEL JEAKE JR"	TRUE	FALSE	TRUE	TRUE	FEMALE-MALE	EXTENDED FAMILY
74	295.57	0.00	0.00	0.00	0.00	0.00	49.26	0.00	98.52	49.26	0.00	0.00	0.00	0.00	49.26	"ELIZABETH DIGHTON", "SAMUEL JEAKE JR"	TRUE	FALSE	TRUE	TRUE	FEMALE-MALE	EXTENDED FAMILY
100	0.00	0.00	0.00	0.00	0.00	0.00	0.00	0.00	0.00	0.00	0.00	0.00	0.00	0.00	0.00	"ELIZABETH DIGHTON", "SAMUEL JEAKE JR"	TRUE	FALSE	TRUE	TRUE	FEMALE-MALE	EXTENDED FAMILY
118	0.00	0.00	0.00	0.00	0.00	0.00	0.00	0.00	0.00	0.00	0.00	0.00	0.00	0.00	0.00	"ELIZABETH DIGHTON", "SAMUEL JEAKE JR"	TRUE	FALSE	TRUE	TRUE	FEMALE-MALE	EXTENDED FAMILY
259	0.00	0.00	0.00	0.00	0.00	0.00	0.00	0.00	0.00	0.00	0.00	0.00	0.00	0.00	0.00	"ELIZABETH JEAKE", "BARBARA HARTSHORNE"	FALSE	TRUE	FALSE	TRUE	FEMALE-FEMALE	FAMILY
260	0.00	0.00	0.00	0.00	0.00	0.00	0.00	0.00	0.00	0.00	0.00	0.00	0.00	0.00	0.00	"ELIZABETH JEAKE", "BARBARA HARTSHORNE"	FALSE	TRUE	FALSE	TRUE	FEMALE-FEMALE	FAMILY
261	21.58	0.00	0.00	0.00	0.00	21.58	0.00	0.00	0.00	0.00	0.00	0.00	21.58	0.00	0.00	"ELIZABETH JEAKE", "BARBARA HARTSHORNE"	FALSE	TRUE	FALSE	TRUE	FEMALE-FEMALE	FAMILY
262	0.00	0.00	0.00	0.00	0.00	0.00	0.00	0.00	0.00	0.00	0.00	0.00	0.00	0.00	0.00	"ELIZABETH JEAKE", "BARBARA HARTSHORNE"	FALSE	TRUE	FALSE	TRUE	FEMALE-FEMALE	FAMILY
263	0.00	0.00	0.00	0.00	0.00	0.00	0.00	0.00	0.00	0.00	0.00	0.00	0.00	0.00	0.00	"ELIZABETH JEAKE", "BARBARA HARTSHORNE"	FALSE	TRUE	FALSE	TRUE	FEMALE-FEMALE	FAMILY
264	0.00	0.00	0.00	0.00	0.00	0.00	0.00	0.00	0.00	0.00	0.00	0.00	0.00	0.00	0.00	"ELIZABETH JEAKE", "BARBARA HARTSHORNE"	FALSE	TRUE	FALSE	TRUE	FEMALE-FEMALE	FAMILY
265	0.00	0.00	0.00	0.00	0.00	0.00	0.00	0.00	0.00	0.00	0.00	0.00	0.00	0.00	0.00	"ELIZABETH JEAKE", "BARBARA HARTSHORNE"	FALSE	TRUE	FALSE	TRUE	FEMALE-FEMALE	FAMILY
266	0.00	0.00	0.00	0.00	0.00	0.00	0.00	0.00	0.00	0.00	0.00	0.00	0.00	0.00	0.00	"ELIZABETH JEAKE", "BARBARA HARTSHORNE"	FALSE	TRUE	FALSE	TRUE	FEMALE-FEMALE	FAMILY
267	0.00	0.00	0.00	0.00	0.00	0.00	0.00	0.00	0.00	0.00	0.00	0.00	0.00	0.00	0.00	"ELIZABETH JEAKE", "BARBARA HARTSHORNE"	FALSE	TRUE	FALSE	TRUE	FEMALE-FEMALE	FAMILY
269	21.58	0.00	0.00	0.00	0.00	21.58	0.00	0.00	0.00	0.00	0.00	0.00	0.00	0.00	21.58	"ELIZABETH JEAKE", "BARBARA HARTSHORNE"	FALSE	TRUE	FALSE	TRUE	FEMALE-FEMALE	FAMILY
270	0.00	0.00	0.00	0.00	0.00	0.00	0.00	0.00	0.00	0.00	0.00	0.00	0.00	0.00	0.00	"ELIZABETH JEAKE", "BARBARA HARTSHORNE"	FALSE	TRUE	FALSE	TRUE	FEMALE-FEMALE	FAMILY
271	0.00	0.00	0.00	0.00	0.00	0.00	0.00	0.00	0.00	0.00	0.00	0.00	0.00	0.00	0.00	"ELIZABETH JEAKE", "BARBARA HARTSHORNE"	FALSE	TRUE	FALSE	TRUE	FEMALE-FEMALE	FAMILY
272	0.00	0.00	0.00	0.00	0.00	0.00	0.00	0.00	0.00	0.00	0.00	0.00	0.00	0.00	0.00	"ELIZABETH JEAKE", "BARBARA HARTSHORNE"	FALSE	TRUE	FALSE	TRUE	FEMALE-FEMALE	FAMILY
274	21.58	0.00	21.58	0.00	0.00	0.00	0.00	0.00	0.00	0.00	0.00	21.58	0.00	0.00	0.00	"ELIZABETH JEAKE", "BARBARA HARTSHORNE"	FALSE	TRUE	FALSE	TRUE	FEMALE-FEMALE	FAMILY
275	0.00	0.00	0.00	0.00	0.00	0.00	0.00	0.00	0.00	0.00	0.00	0.00	0.00	0.00	0.00	"ELIZABETH JEAKE", "BARBARA HARTSHORNE"	FALSE	TRUE	FALSE	TRUE	FEMALE-FEMALE	FAMILY
276	0.00	0.00	0.00	0.00	0.00	0.00	0.00	0.00	0.00	0.00	0.00	0.00	0.00	0.00	0.00	"ELIZABETH JEAKE", "BARBARA HARTSHORNE"	FALSE	TRUE	FALSE	TRUE	FEMALE-FEMALE	FAMILY
277	0.00	0.00	0.00	0.00	0.00	0.00	0.00	0.00	0.00	0.00	0.00	0.00	0.00	0.00	0.00	"ELIZABETH JEAKE", "BARBARA HARTSHORNE"	FALSE	TRUE	FALSE	TRUE	FEMALE-FEMALE	FAMILY
278	0.00	0.00	0.00	0.00	0.00	0.00	0.00	0.00	0.00	0.00	0.00	0.00	0.00	0.00	0.00	"ELIZABETH JEAKE", "BARBARA HARTSHORNE"	FALSE	TRUE	FALSE	TRUE	FEMALE-FEMALE	FAMILY
279	0.00	0.00	0.00	0.00	0.00	0.00	0.00	0.00	0.00	0.00	0.00	0.00	0.00	0.00	0.00	"ELIZABETH JEAKE", "BARBARA HARTSHORNE"	FALSE	TRUE	FALSE	TRUE	FEMALE-FEMALE	FAMILY
280	21.58	0.00	21.58	0.00	0.00	0.00	0.00	0.00	0.00	0.00	21.58	0.00	0.00	0.00	0.00	"ELIZABETH JEAKE", "BARBARA HARTSHORNE"	FALSE	TRUE	FALSE	TRUE	FEMALE-FEMALE	FAMILY
292	46.36	0.00	0.00	0.00	0.00	46.36	0.00	0.00	0.00	0.00	0.00	0.00	46.36	0.00	0.00	"ELIZABETH JEAKE", "BARBARA JEAKE"	TRUE	FALSE	TRUE	TRUE	FEMALE-FEMALE	FAMILY
293	139.08	0.00	0.00	0.00	0.00	46.36	46.36	0.00	0.00	0.00	0.00	0.00	92.72	0.00	0.00	"ELIZABETH JEAKE", "BARBARA JEAKE"	TRUE	FALSE	TRUE	TRUE	FEMALE-FEMALE	FAMILY
295	139.08	0.00	46.36	0.00	0.00	46.36	0.00	0.00	0.00	0.00	0.00	0.00	0.00	0.00	46.36	"ELIZABETH JEAKE", "BARBARA JEAKE"	TRUE	FALSE	TRUE	TRUE	FEMALE-FEMALE	FAMILY
296	0.00	0.00	0.00	0.00	0.00	0.00	0.00	0.00	0.00	0.00	0.00	0.00	0.00	0.00	0.00	"ELIZABETH JEAKE", "BARBARA JEAKE"	TRUE	FALSE	TRUE	TRUE	FEMALE-FEMALE	FAMILY
297	0.00	0.00	0.00	0.00	0.00	0.00	0.00	0.00	0.00	0.00	0.00	0.00	0.00	0.00	0.00	"ELIZABETH JEAKE", "BARBARA JEAKE"	TRUE	FALSE	TRUE	TRUE	FEMALE-FEMALE	FAMILY
298	46.36	0.00	0.00	0.00	0.00	46.36	0.00	0.00	0.00	0.00	0.00	0.00	46.36	0.00	0.00	"ELIZABETH JEAKE", "BARBARA JEAKE"	TRUE	FALSE	TRUE	TRUE	FEMALE-FEMALE	FAMILY
157	0.00	0.00	0.00	0.00	0.00	0.00	0.00	0.00	0.00	0.00	0.00	0.00	0.00	0.00	0.00	"ELIZABETH JEAKE", "SAMUEL JEAKE JR"	FALSE	FALSE	FALSE	FALSE	FEMALE-MALE	FAMILY
158	0.00	0.00	0.00	0.00	0.00	0.00	0.00	0.00	0.00	0.00	0.00	0.00	0.00	0.00	0.00	"ELIZABETH JEAKE", "SAMUEL JEAKE JR"	FALSE	FALSE	FALSE	FALSE	FEMALE-MALE	FAMILY
195	0.00	0.00	0.00	0.00	0.00	0.00	0.00	0.00	0.00	0.00	0.00	0.00	0.00	0.00	0.00	"ELIZABETH JEAKE", "SAMUEL JEAKE JR"	FALSE	FALSE	FALSE	FALSE	FEMALE-MALE	FAMILY
218	0.00	0.00	0.00	0.00	0.00	0.00	0.00	0.00	0.00	0.00	0.00	0.00	0.00	0.00	0.00	"ELIZABETH JEAKE", "SAMUEL JEAKE JR"	FALSE	FALSE	FALSE	FALSE	FEMALE-MALE	FAMILY
219	78.19	0.00	0.00	0.00	0.00	78.19	0.00	0.00	0.00	0.00	0.00	0.00	78.19	0.00	0.00	"ELIZABETH JEAKE", "SAMUEL JEAKE JR"	FALSE	FALSE	FALSE	FALSE	FEMALE-MALE	FAMILY
284	0.00	0.00	0.00	0.00	0.00	0.00	0.00	0.00	0.00	0.00	0.00	0.00	0.00	0.00	0.00	"FRANCIS JEAKE", "JOSEPH TUCKER"	FALSE	TRUE	FALSE	TRUE	MALE-MALE	FAMILY
285	0.00	0.00	0.00	0.00	0.00	0.00	0.00	0.00	0.00	0.00	0.00	0.00	0.00	0.00	0.00	"FRANCIS JEAKE", "JOSEPH TUCKER"	FALSE	TRUE	FALSE	TRUE	MALE-MALE	FAMILY
287	0.00	0.00	0.00	0.00	0.00	0.00	0.00	0.00	0.00	0.00	0.00	0.00	0.00	0.00	0.00	"FRANCIS JEAKE", "JOSEPH TUCKER"	FALSE	TRUE	FALSE	TRUE	MALE-MALE	FAMILY
288	73.96	0.00	0.00	73.96	0.00	0.00	0.00	0.00	0.00	0.00	0.00	0.00	0.00	0.00	73.96	"FRANCIS JEAKE", "JOSEPH TUCKER"	FALSE	TRUE	FALSE	TRUE	MALE-MALE	FAMILY
289	0.00	0.00	0.00	0.00	0.00	0.00	0.00	0.00	0.00	0.00	0.00	0.00	0.00	0.00	0.00	"FRANCIS JEAKE", "JOSEPH TUCKER"	FALSE	TRUE	FALSE	TRUE	MALE-MALE	FAMILY
290	73.96	0.00	0.00	0.00	0.00	73.96	0.00	0.00	0.00	0.00	0.00	0.00	0.00	0.00	0.00	"FRANCIS JEAKE", "JOSEPH TUCKER"	FALSE	TRUE	FALSE	TRUE	MALE-MALE	FAMILY
110	0.00	0.00	0.00	0.00	0.00	0.00	0.00	0.00	0.00	0.00	0.00	0.00	0.00	0.00	0.00	"JAMES WIGHTMAN", "SAMUEL JEAKE JR"	UNK	FALSE	UNK	UNK	MALE-MALE	EXTENDED FAMILY
111	0.00	0.00	0.00	0.00	0.00	0.00	0.00	0.00	0.00	0.00	0.00	0.00	0.00	0.00	0.00	"JAMES WIGHTMAN", "SAMUEL JEAKE JR"	UNK	FALSE	UNK	UNK	MALE-MALE	EXTENDED FAMILY
115	0.00	0.00	0.00	0.00	0.00	0.00	0.00	0.00	0.00	0.00	0.00	0.00	0.00	0.00	0.00	"JAMES WIGHTMAN", "SAMUEL JEAKE JR"	UNK	FALSE	UNK	UNK	MALE-MALE	EXTENDED FAMILY
116	0.00	0.00	0.00	0.00	0.00	0.00	0.00	0.00	0.00	0.00	0.00	0.00	0.00	0.00	0.00	"JAMES WIGHTMAN", "SAMUEL JEAKE JR"	UNK	FALSE	UNK	UNK	MALE-MALE	EXTENDED FAMILY
119	33.58	0.00	33.58	0.00	0.00	0.00	0.00	0.00	0.00	0.00	33.58	0.00	0.00	0.00	0.00	"JAMES WIGHTMAN", "SAMUEL JEAKE JR"	UNK	FALSE	UNK	UNK	MALE-MALE	EXTENDED FAMILY
120	0.00	0.00	0.00	0.00	0.00	0.00	0.00	0.00	0.00	0.00	0.00	0.00	0.00	0.00	0.00	"JAMES WIGHTMAN", "SAMUEL JEAKE JR"	UNK	FALSE	UNK	UNK	MALE-MALE	EXTENDED FAMILY
121	0.00	0.00	0.00	0.00	0.00	0.00	0.00	0.00	0.00	0.00	0.00	0.00	0.00	0.00	0.00	"JAMES WIGHTMAN", "SAMUEL JEAKE JR"	UNK	FALSE	UNK	UNK	MALE-MALE	EXTENDED FAMILY
122	0.00	0.00	0.00	0.00	0.00	0.00	0.00	0.00	0.00	0.00	0.00	0.00	0.00	0.00	0.00	"JAMES WIGHTMAN", "SAMUEL JEAKE JR"	UNK	FALSE	UNK	UNK	MALE-MALE	EXTENDED FAMILY
124	33.58	0.00	33.58	0.00	0.00	0.00	0.00	0.00	0.00	0.00	0.00	33.58	0.00	0.00	0.00	"JAMES WIGHTMAN", "SAMUEL JEAKE JR"	UNK	FALSE	UNK	UNK	MALE-MALE	EXTENDED FAMILY
132	33.58	0.00	0.00	0.00	0.00	0.00	0.00	0.00	0.00	0.00	0.00	0.00	0.00	0.00	0.00	"JAMES WIGHTMAN", "SAMUEL JEAKE JR"	UNK	FALSE	UNK	UNK	MALE-MALE	EXTENDED FAMILY
140	0.00	0.00	0.00	0.00	0.00	0.00	0.00	0.00	0.00	0.00	0.00	0.00	0.00	0.00	0.00	"JAMES WIGHTMAN", "SAMUEL JEAKE JR"	UNK	FALSE	UNK	UNK	MALE-MALE	EXTENDED FAMILY
215	0.00	0.00	0.00	0.00	0.00	0.00	0.00	0.00	0.00	0.00	0.00	0.00	0.00	0.00	0.00	"JAMES WIGHTMAN", "SAMUEL JEAKE JR"	UNK	FALSE	UNK	UNK	MALE-MALE	EXTENDED FAMILY
141	0.00	0.00	0.00	0.00	0.00	0.00	0.00	0.00	0.00	0.00	0.00	0.00	0.00	0.00	0.00	"JOHN JAYE", "SAMUEL JEAKE JR"	UNK	FALSE	UNK	UNK	MALE-MALE	EXTENDED FAMILY
175	0.00	0.00	0.00	0.00	0.00	0.00	0.00	0.00	0.00	0.00	0.00	0.00	0.00	0.00	0.00	"JOHN JAYE", "SAMUEL JEAKE JR"	UNK	FALSE	UNK	UNK	MALE-MALE	EXTENDED FAMILY
176	0.00	0.00	0.00	0.00	0.00	0.00	0.00	0.00	0.00	0.00	0.00	0.00	0.00	0.00	0.00	"JOHN JAYE", "SAMUEL JEAKE JR"	UNK	FALSE	UNK	UNK	MALE-MALE	EXTENDED FAMILY
179	167.32	0.00	0.00	0.00	55.77	111.54	0.00	0.00	0.00	0.00	0.00	0.00	111.54	0.00	0.00	"JOHN JAYE", "SAMUEL JEAKE JR"	UNK	FALSE	UNK	UNK	MALE-MALE	EXTENDED FAMILY
189	0.00	0.00	0.00	0.00	0.00	0.00	0.00	0.00	0.00	0.00	0.00	0.00	0.00	0.00	0.00	"JOHN JAYE", "SAMUEL JEAKE JR"	UNK	FALSE	UNK	UNK	MALE-MALE	EXTENDED FAMILY
196	0.00	0.00	0.00	0.00	0.00	0.00	0.00	0.00	0.00	0.00	0.00	0.00	0.00	0.00	0.00	"JOHN JAYE", "SAMUEL JEAKE JR"	UNK	FALSE	UNK	UNK	MALE-MALE	EXTENDED FAMILY
69	17.90	0.00	0.00	0.00	0.00	17.90	0.00	0.00	0.00	0.00	0.00	0.00	17.90	0.00	0.00	"JOHN MACKLEY", "SAMUEL JEAKE JR"	FALSE	FALSE	UNK	UNK	MALE-MALE	EXTENDED FAMILY
73	0.00	0.00	0.00	0.00	0.00	0.00	0.00	0.00	0.00	0.00	0.00	0.00	0.00	0.00	0.00	"JOHN MACKLEY", "SAMUEL JEAKE JR"	FALSE	FALSE	UNK	UNK	MALE-MALE	EXTENDED FAMILY
75	0.00	0.00	0.00	0.00	0.00	0.00	0.00	0.00	0.00	0.00	0.00	0.00	0.00	0.00	0.00	"JOHN MACKLEY", "SAMUEL JEAKE JR"	FALSE	FALSE	UNK	UNK	MALE-MALE	EXTENDED FAMILY
76	35.80	0.00	0.00	0.00	0.00	0.00	0.00	0.00	0.00	0.00	0.00	0.00	0.00	0.00	0.00	"JOHN MACKLEY", "SAMUEL JEAKE JR"	FALSE	FALSE	UNK	UNK	MALE-MALE	EXTENDED FAMILY
77	0.00	0.00	0.00	0.00	0.00	0.00	0.00	0.00	0.00	0.00	0.00	0.00	0.00	0.00	0.00	"JOHN MACKLEY", "SAMUEL JEAKE JR"	FALSE	FALSE	UNK	UNK	MALE-MALE	EXTENDED FAMILY
78	0.00	0.00	0.00	0.00	0.00	0.00	0.00	0.00	0.00	0.00	0.00	0.00	0.00	0.00	0.00	"JOHN MACKLEY", "SAMUEL JEAKE JR"	FALSE	FALSE	UNK	UNK	MALE-MALE	EXTENDED FAMILY
91	0.00	0.00	0.00	0.00	0.00	0.00	0.00	0.00	0.00	0.00	0.00	0.00	0.00	0.00	0.00	"JOHN MACKLEY", "SAMUEL JEAKE JR"	FALSE	FALSE	UNK	UNK	MALE-MALE	EXTENDED FAMILY
94	0.00	0.00	0.00	0.00	0.00	0.00	0.00	0.00	0.00	0.00	0.00	0.00	0.00	0.00	0.00	"JOHN MACKLEY", "SAMUEL JEAKE JR"	FALSE	FALSE	UNK	UNK	MALE-MALE	EXTENDED FAMILY
95	0.00	0.00	0.00	0.00	0.00	0.00	0.00	0.00	0.00	0.00	0.00	0.00	0.00	0.00	0.00	"JOHN MACKLEY", "SAMUEL JEAKE JR"	FALSE	FALSE	UNK	UNK	MALE-MALE	EXTENDED FAMILY
97	0.00	0.00	0.00	0.00	0.00	0.00	0.00	0.00	0.00	0.00	0.00	0.00	0.00	0.00	0.00	"JOHN MACKLEY", "SAMUEL JEAKE JR"	UNK	FALSE	UNK	UNK	MALE-MALE	EXTENDED FAMILY
101	0.00	0.00	0.00	0.00	0.00	0.00	0.00	0.00	0.00	0.00	0.00	0.00	0.00	0.00	0.00	"JOHN MACKLEY", "SAMUEL JEAKE JR"	UNK	FALSE	UNK	UNK	MALE-MALE	EXTENDED FAMILY
102	0.00	0.00	0.00	0.00	0.00	0.00	0.00	0.00	0.00	0.00	0.00	0.00	0.00	0.00	0.00	"JOHN MACKLEY", "SAMUEL JEAKE JR"	UNK	FALSE	UNK	UNK	MALE-MALE	EXTENDED FAMILY
104	0.00	0.00	0.00	0.00	0.00	0.00	0.00	0.00	0.00	0.00	0.00	0.00	0.00	0.00	0.00	"JOHN MACKLEY", "SAMUEL JEAKE JR"	UNK	FALSE	UNK	UNK	MALE-MALE	EXTENDED FAMILY
108	0.00	0.00	0.00	0.00	0.00	0.00	0.00	0.00	0.00	0.00	0.00	0.00	0.00	0.00	0.00	"JOHN MACKLEY", "SAMUEL JEAKE JR"	UNK	FALSE	UNK	UNK	MALE-MALE	EXTENDED FAMILY
113	0.00	0.00	0.00	0.00	0.00	0.00	0.00	0.00	0.00	0.00	0.00	0.00	0.00	0.00	0.00	"JOHN MACKLEY", "SAMUEL JEAKE JR"	UNK	FALSE	UNK	UNK	MALE-MALE	EXTENDED FAMILY
114	0.00	0.00	0.00	0.00	0.00	0.00	0.00	0.00	0.00	0.00	0.00	0.00	0.00	0.00	0.00	"JOHN MACKLEY", "SAMUEL JEAKE JR"	UNK	FALSE	UNK	UNK	MALE-MALE	EXTENDED FAMILY
123	17.90	0.00	0.00	0.00	0.00	0.00	17.90	0.00	0.00	0.00	0.00	0.00	0.00	0.00	17.90	"JOHN MACKLEY", "SAMUEL JEAKE JR"	UNK	FALSE	UNK	UNK	MALE-MALE	EXTENDED FAMILY
125	17.90	0.00	0.00	0.00	0.00	17.90	0.00	0.00	0.00	0.00	0.00	0.00	0.00	0.00	17.90	"JOHN MACKLEY", "SAMUEL JEAKE JR"	UNK	FALSE	UNK	UNK	MALE-MALE	EXTENDED FAMILY
129	0.00	0.00	0.00	0.00	0.00	0.00	0.00	0.00	0.00	0.00	0.00	0.00	0.00	0.00	0.00	"JOHN MACKLEY", "SAMUEL JEAKE JR"	UNK	FALSE	UNK	UNK	MALE-MALE	EXTENDED FAMILY
139	0.00	0.00	0.00	0.00	0.00	0.00	0.00	0.00	0.00	0.00	0.00	0.00	0.00	0.00	0.00	"JOHN MACKLEY", "SAMUEL JEAKE JR"	UNK	FALSE	UNK	UNK	MALE-MALE	EXTENDED FAMILY
192	0.00	0.00	0.00	0.00	0.00	0.00	0.00	0.00	0.00	0.00	0.00	0.00	0.00	0.00	0.00	"JOHN MACKLEY", "SAMUEL JEAKE JR"	UNK	FALSE	FALSE	UNK	MALE-MALE	EXTENDED FAMILY
194	0.00	0.00	0.00	0.00	0.00	0.00	0.00	0.00	0.00	0.00	0.00	0.00	0.00	0.00	0.00	"SAMUEL JEAKE JR", "ELIZABETH JEAKE"	FALSE	FALSE	TRUE	FALSE	MALE-FEMALE	FAMILY
217	0.00	0.00	0.00	0.00	0.00	0.00	0.00	0.00	0.00	0.00	0.00	0.00	0.00	0.00	0.00	"SAMUEL JEAKE JR", "ELIZABETH JEAKE"	FALSE	FALSE	TRUE	FALSE	MALE-FEMALE	FAMILY
220	6.29	0.00	6.29	0.00	0.00	0.00	0.00	0.00	0.00	0.00	6.29	0.00	0.00	0.00	0.00	"SAMUEL JEAKE JR", "ELIZABETH JEAKE"	FALSE	FALSE	TRUE	FALSE	MALE-FEMALE	FAMILY
222	0.00	0.00	0.00	0.00	0.00	0.00	0.00	0.00	0.00	0.00	0.00	0.00	0.00	0.00	0.00	"SAMUEL JEAKE JR", "ELIZABETH JEAKE"	TRUE	FALSE	TRUE	FALSE	MALE-FEMALE	FAMILY
223	12.59	0.00	0.00	0.00	6.29	0.00	0.00	0.00	0.00	0.00	0.00	0.00	0.00	0.00	12.59	"SAMUEL JEAKE JR", "ELIZABETH JEAKE"	TRUE	FALSE	TRUE	FALSE	MALE-FEMALE	FAMILY
224	0.00	0.00	0.00	0.00	0.00	0.00	0.00	0.00	0.00	0.00	0.00	0.00	0.00	0.00	0.00	"SAMUEL JEAKE JR", "ELIZABETH JEAKE"	TRUE	FALSE	TRUE	FALSE	MALE-FEMALE	FAMILY
225	0.00	0.00	0.00	0.00	0.00	0.00	0.00	0.00	0.00	0.00	0.00	0.00	0.00	0.00	0.00	"SAMUEL JEAKE JR", "ELIZABETH JEAKE"	TRUE	FALSE	TRUE	FALSE	MALE-FEMALE	FAMILY
226	0.00	0.00	0.00	0.00	0.00	0.00	0.00	0.00	0.00	0.00	0.00	0.00	0.00	0.00	0.00	"SAMUEL JEAKE JR", "ELIZABETH JEAKE"	TRUE	FALSE	TRUE	FALSE	MALE-FEMALE	FAMILY
227	6.29	0.00	0.00	0.00	0.00	6.29	0.00	0.00	0.00	0.00	0.00	0.00	0.00	6.29	0.00	"SAMUEL JEAKE JR", "ELIZABETH JEAKE"	TRUE	FALSE	TRUE	FALSE	MALE-FEMALE	FAMILY
228	0.00	0.00	0.00	0.00	0.00	0.00	0.00	0.00	0.00	0.00	0.00	0.00	0.00	0.00	0.00	"SAMUEL JEAKE JR", "ELIZABETH JEAKE"	TRUE	FALSE	TRUE	FALSE	MALE-FEMALE	FAMILY
229	12.59	0.00	0.00	0.00	0.00	12.59	0.00	0.00	0.00	0.00	0.00	0.00	6.29	0.00	0.00	"SAMUEL JEAKE JR", "ELIZABETH JEAKE"	TRUE	FALSE	TRUE	FALSE	MALE-FEMALE	FAMILY
230	6.29	0.00	0.00	0.00	0.00	0.00	0.00	0.00	0.00	0.00	0.00	0.00	0.00	0.00	0.00	"SAMUEL JEAKE JR", "ELIZABETH JEAKE"	TRUE	FALSE	TRUE	FALSE	MALE-FEMALE	FAMILY
231	0.00	0.00	0.00	0.00	0.00	0.00	0.00	0.00	0.00	0.00	0.00	0.00	0.00	0.00	0.00	"SAMUEL JEAKE JR", "ELIZABETH JEAKE"	TRUE	FALSE	TRUE	FALSE	MALE-FEMALE	FAMILY
232	0.00	0.00	0.00	0.00	0.00	0.00	0.00	0.00	0.00	0.00	0.00	0.00	0.00	0.00	0.00	"SAMUEL JEAKE JR", "ELIZABETH JEAKE"	TRUE	FALSE	TRUE	FALSE	MALE-FEMALE	FAMILY
233	0.00	0.00	0.00	0.00	0.00	0.00	0.00	0.00	0.00	0.00	0.00	0.00	0.00	0.00	0.00	"SAMUEL JEAKE JR", "ELIZABETH JEAKE"	TRUE	FALSE	TRUE	FALSE	MALE-FEMALE	FAMILY
234	0.00	0.00	0.00	0.00	0.00	0.00	0.00	0.00	0.00	0.00	0.00	0.00	0.00	0.00	0.00	"SAMUEL JEAKE JR", "ELIZABETH JEAKE"	TRUE	FALSE	TRUE	FALSE	MALE-FEMALE	FAMILY
235	0.00	0.00	0.00	0.00	0.00	0.00	0.00	0.00	0.00	0.00	0.00	0.00	0.00	0.00	0.00	"SAMUEL JEAKE JR", "ELIZABETH JEAKE"	TRUE	FALSE	TRUE	FALSE	MALE-FEMALE	FAMILY
236	0.00	0.00	0.00	0.00	0.00	0.00	0.00	0.00	0.00	0.00	0.00	0.00	0.00	0.00	0.00	"SAMUEL JEAKE JR", "ELIZABETH JEAKE"	TRUE	FALSE	TRUE	FALSE	MALE-FEMALE	FAMILY
237	0.00	0.00	0.00	0.00	0.00	0.00	0.00	0.00	0.00	0.00	0.00	0.00	0.00	0.00	0.00	"SAMUEL JEAKE JR", "ELIZABETH JEAKE"	TRUE	FALSE	TRUE	FALSE	MALE-FEMALE	FAMILY
238	0.00	0.00	0.00	0.00	0.00	0.00	0.00	0.00	0.00	0.00	0.00	0.00	0.00	0.00	0.00	"SAMUEL JEAKE JR", "ELIZABETH JEAKE"	TRUE	FALSE	TRUE	FALSE	MALE-FEMALE	FAMILY
239	0.00	0.00	0.00	0.00	0.00	0.00	0.00	0.00	0.00	0.00	0.00	0.00	0.00	0.00	0.00	"SAMUEL JEAKE JR", "ELIZABETH JEAKE"	TRUE	FALSE	TRUE	FALSE	MALE-FEMALE	FAMILY
240	0.00	0.00	0.00	0.00	0.00	0.00	0.00	0.00	0.00	0.00	0.00	0.00	0.00	0.00	0.00	"SAMUEL JEAKE JR", "ELIZABETH JEAKE"	TRUE	FALSE	TRUE	FALSE	MALE-FEMALE	FAMILY
241	0.00	0.00	0.00	0.00	0.00	0.00	0.00	0.00	0.00	0.00	0.00	0.00	0.00	0.00	0.00	"SAMUEL JEAKE JR", "ELIZABETH JEAKE"	TRUE	FALSE	TRUE	FALSE	MALE-FEMALE	FAMILY
242	0.00	0.00	0.00	0.00	0.00	0.00	0.00	0.00	0.00	0.00	0.00	0.00	0.00	0.00	0.00	"SAMUEL JEAKE JR", "ELIZABETH JEAKE"	TRUE	FALSE	TRUE	FALSE	MALE-FEMALE	FAMILY
243	6.29	0.00	6.29	0.00	0.00	0.00	0.00	0.00	0.00	0.00	0.00	0.00	0.00	0.00	6.29	"SAMUEL JEAKE JR", "ELIZABETH JEAKE"	TRUE	FALSE	TRUE	FALSE	MALE-FEMALE	FAMILY
244	6.29	0.00	6.29	0.00	0.00	0.00	0.00	0.00	0.00	0.00	6.29	0.00	0.00	0.00	0.00	"SAMUEL JEAKE JR", "ELIZABETH JEAKE"	TRUE	FALSE	TRUE	FALSE	MALE-FEMALE	FAMILY
245	0.00	0.00	0.00	0.00	0.00	0.00	0.00	0.00	0.00	0.00	0.00	0.00	0.00	0.00	0.00	"SAMUEL JEAKE JR", "ELIZABETH JEAKE"	TRUE	FALSE	TRUE	FALSE	MALE-FEMALE	FAMILY
246	0.00	0.00	0.00	0.00	0.00	0.00	0.00	0.00	0.00	0.00	0.00	0.00	0.00	0.00	0.00	"SAMUEL JEAKE JR", "ELIZABETH JEAKE"	TRUE	FALSE	TRUE	FALSE	MALE-FEMALE	FAMILY
247	0.00	0.00	0.00	0.00	0.00	0.00	0.00	0.00	0.00	0.00	0.00	0.00	0.00	0.00	0.00	"SAMUEL JEAKE JR", "ELIZABETH JEAKE"	TRUE	FALSE	TRUE	FALSE	MALE-FEMALE	FAMILY
248	0.00	0.00	0.00	0.00	0.00	0.00	0.00	0.00	0.00	0.00	0.00	0.00	0.00	0.00	0.00	"SAMUEL JEAKE JR", "ELIZABETH JEAKE"	TRUE	FALSE	TRUE	FALSE	MALE-FEMALE	FAMILY
249	6.29	0.00	0.00	0.00	0.00	0.00	0.00	0.00	0.00	0.00	0.00	0.00	0.00	0.00	0.00	"SAMUEL JEAKE JR", "ELIZABETH JEAKE"	TRUE	FALSE	TRUE	FALSE	MALE-FEMALE	FAMILY
250	0.00	0.00	0.00	0.00	0.00	0.00	0.00	0.00	0.00	0.00	0.00	0.00	0.00	0.00	0.00	"SAMUEL JEAKE JR", "ELIZABETH JEAKE"	TRUE	FALSE	TRUE	FALSE	MALE-FEMALE	FAMILY
251	0.00	0.00	0.00	0.00	0.00	0.00	0.00	0.00	0.00	0.00	0.00	0.00	0.00	0.00	0.00	"SAMUEL JEAKE JR", "ELIZABETH JEAKE"	TRUE	FALSE	TRUE	FALSE	MALE-FEMALE	FAMILY
252	0.00	0.00	0.00	0.00	0.00	0.00	0.00	0.00	0.00	0.00	0.00	0.00	0.00	0.00	0.00	"SAMUEL JEAKE JR", "ELIZABETH JEAKE"	TRUE	FALSE	TRUE	FALSE	MALE-FEMALE	FAMILY
253	0.00	0.00	0.00	0.00	0.00	0.00	0.00	0.00	0.00	0.00	0.00	0.00	0.00	0.00	0.00	"SAMUEL JEAKE JR", "ELIZABETH JEAKE"	TRUE	FALSE	TRUE	FALSE	MALE-FEMALE	FAMILY
254	0.00	0.00	0.00	0.00	0.00	0.00	0.00	0.00	0.00	0.00	0.00	0.00	0.00	0.00	0.00	"SAMUEL JEAKE JR", "ELIZABETH JEAKE"	TRUE	FALSE	TRUE	FALSE	MALE-FEMALE	FAMILY
30	32.15	0.00	32.15	0.00	0.00	0.00	0.00	0.00	0.00	0.00	0.00	0.00	0.00	0.00	32.15	"SAMUEL JEAKE JR", "SAMUEL JEAKE SR"	FALSE	TRUE	FALSE	TRUE	MALE-MALE	FAMILY
40	0.00	0.00	0.00	0.00	0.00	0.00	0.00	0.00	0.00	0.00	0.00	0.00	0.00	0.00	0.00	"SAMUEL JEAKE JR", "SAMUEL JEAKE SR"	FALSE	TRUE	FALSE	TRUE	MALE-MALE	FAMILY
44	0.00	0.00	0.00	0.00	0.00	0.00	0.00	0.00	0.00	0.00	0.00	0.00	0.00	0.00	0.00	"SAMUEL JEAKE JR", "SAMUEL JEAKE SR"	FALSE	TRUE	FALSE	TRUE	MALE-MALE	FAMILY
47	32.15	0.00	32.15	0.00	0.00	0.00	0.00	0.00	0.00	0.00	32.15	0.00	0.00	0.00	0.00	"SAMUEL JEAKE JR", "SAMUEL JEAKE SR"	FALSE	TRUE	FALSE	TRUE	MALE-MALE	FAMILY
49	64.31	0.00	32.15	0.00	0.00	0.00	0.00	0.00	0.00	0.00	32.15	0.00	0.00	0.00	0.00	"SAMUEL JEAKE JR", "SAMUEL JEAKE SR"	FALSE	TRUE	FALSE	TRUE	MALE-MALE	FAMILY
50	32.15	0.00	0.00	0.00	0.00	32.15	0.00	0.00	0.00	0.00	0.00	0.00	32.15	0.00	0.00	"SAMUEL JEAKE JR", "SAMUEL JEAKE SR"	FALSE	TRUE	FALSE	TRUE	MALE-MALE	FAMILY
51	32.15	0.00	32.15	0.00	0.00	0.00	0.00	0.00	0.00	0.00	32.15	0.00	0.00	0.00	0.00	"SAMUEL JEAKE JR", "SAMUEL JEAKE SR"	FALSE	TRUE	FALSE	TRUE	MALE-MALE	FAMILY
5	0.00	0.00	0.00	0.00	0.00	0.00	0.00	0.00	0.00	0.00	0.00	0.00	0.00	0.00	0.00	"SAMUEL JEAKE SR", "FRANCES JEAKE-HARTRIDGE"	FALSE	FALSE	TRUE	FALSE	MALE-FEMALE	FAMILY
7	61.31	0.00	0.00	0.00	0.00	0.00	0.00	0.00	0.00	61.31	0.00	0.00	0.00	0.00	61.31	"SAMUEL JEAKE SR", "FRANCES JEAKE-HARTRIDGE"	FALSE	FALSE	TRUE	FALSE	MALE-FEMALE	FAMILY
8	0.00	0.00	0.00	0.00	0.00	0.00	0.00	0.00	0.00	0.00	0.00	0.00	0.00	0.00	0.00	"SAMUEL JEAKE SR", "FRANCES JEAKE-HARTRIDGE"	FALSE	FALSE	FALSE	FALSE	MALE-FEMALE	FAMILY
11	0.00	0.00	0.00	0.00	0.00	0.00	0.00	0.00	0.00	0.00	0.00	0.00	0.00	0.00	0.00	"SAMUEL JEAKE SR", "FRANCES JEAKE-HARTRIDGE"	FALSE	FALSE	TRUE	FALSE	MALE-FEMALE	FAMILY
13	0.00	0.00	0.00	0.00	0.00	0.00	0.00	0.00	0.00	0.00	0.00	0.00	0.00	0.00	0.00	"SAMUEL JEAKE SR", "FRANCES JEAKE-HARTRIDGE"	FALSE	FALSE	TRUE	FALSE	MALE-FEMALE	FAMILY
26	0.00	0.00	0.00	0.00	0.00	0.00	0.00	0.00	0.00	0.00	0.00	0.00	0.00	0.00	0.00	"SAMUEL JEAKE SR", "SAMUEL JEAKE JR"	TRUE	FALSE	TRUE	TRUE	MALE-MALE	FAMILY
27	0.00	0.00	0.00	0.00	0.00	0.00	0.00	0.00	0.00	0.00	0.00	0.00	0.00	0.00	0.00	"SAMUEL JEAKE SR", "SAMUEL JEAKE JR"	TRUE	FALSE	TRUE	TRUE	MALE-MALE	FAMILY
28	0.00	0.00	0.00	0.00	0.00	0.00	0.00	0.00	0.00	0.00	0.00	0.00	0.00	0.00	0.00	"SAMUEL JEAKE SR", "SAMUEL JEAKE JR"	TRUE	FALSE	TRUE	TRUE	MALE-MALE	FAMILY
29	0.00	0.00	0.00	0.00	0.00	0.00	0.00	0.00	0.00	0.00	0.00	0.00	0.00	0.00	0.00	"SAMUEL JEAKE SR", "SAMUEL JEAKE JR"	TRUE	FALSE	TRUE	TRUE	MALE-MALE	FAMILY
31	0.00	0.00	0.00	0.00	0.00	0.00	0.00	0.00	0.00	0.00	0.00	0.00	0.00	0.00	0.00	"SAMUEL JEAKE SR", "SAMUEL JEAKE JR"	TRUE	FALSE	TRUE	TRUE	MALE-MALE	FAMILY
32	0.00	0.00	0.00	0.00	0.00	0.00	0.00	0.00	0.00	0.00	0.00	0.00	0.00	0.00	0.00	"SAMUEL JEAKE SR", "SAMUEL JEAKE JR"	TRUE	FALSE	TRUE	TRUE	MALE-MALE	FAMILY
33	45.49	0.00	0.00	0.00	0.00	0.00	0.00	0.00	25.99	6.50	0.00	0.00	0.00	0.00	6.50	"SAMUEL JEAKE SR", "SAMUEL JEAKE JR"	TRUE	FALSE	TRUE	TRUE	MALE-MALE	FAMILY
34	0.00	0.00	0.00	0.00	0.00	0.00	0.00	0.00	0.00	0.00	0.00	0.00	0.00	0.00	0.00	"SAMUEL JEAKE SR", "SAMUEL JEAKE JR"	TRUE	FALSE	TRUE	TRUE	MALE-MALE	FAMILY
35	0.00	0.00	0.00	0.00	0.00	0.00	0.00	0.00	0.00	0.00	0.00	0.00	0.00	0.00	0.00	"SAMUEL JEAKE SR", "SAMUEL JEAKE JR"	TRUE	FALSE	TRUE	TRUE	MALE-MALE	FAMILY
36	0.00	0.00	0.00	0.00	0.00	0.00	0.00	0.00	0.00	0.00	0.00	0.00	0.00	0.00	0.00	"SAMUEL JEAKE SR", "SAMUEL JEAKE JR"	TRUE	FALSE	TRUE	TRUE	MALE-MALE	FAMILY
37	0.00	0.00	0.00	0.00	0.00	0.00	0.00	0.00	0.00	0.00	0.00	0.00	0.00	0.00	0.00	"SAMUEL JEAKE SR", "SAMUEL JEAKE JR"	TRUE	FALSE	TRUE	TRUE	MALE-MALE	FAMILY
38	0.00	0.00	0.00	0.00	0.00	0.00	0.00	0.00	0.00	0.00	0.00	0.00	0.00	0.00	0.00	"SAMUEL JEAKE SR", "SAMUEL JEAKE JR"	TRUE	FALSE	TRUE	TRUE	MALE-MALE	FAMILY
39	0.00	0.00	0.00	0.00	0.00	0.00	0.00	0.00	0.00	0.00	0.00	0.00	0.00	0.00	0.00	"SAMUEL JEAKE SR", "SAMUEL JEAKE JR"	TRUE	FALSE	TRUE	TRUE	MALE-MALE	FAMILY
41	0.00	0.00	0.00	0.00	0.00	0.00	0.00	0.00	0.00	0.00	0.00	0.00	0.00	0.00	0.00	"SAMUEL JEAKE SR", "SAMUEL JEAKE JR"	TRUE	FALSE	TRUE	TRUE	MALE-MALE	FAMILY
42	0.00	0.00	0.00	0.00	0.00	0.00	0.00	0.00	0.00	0.00	0.00	0.00	0.00	0.00	0.00	"SAMUEL JEAKE SR", "SAMUEL JEAKE JR"	TRUE	FALSE	TRUE	TRUE	MALE-MALE	FAMILY
43	0.00	0.00	0.00	0.00	0.00	0.00	0.00	0.00	0.00	0.00	0.00	0.00	0.00	0.00	0.00	"SAMUEL JEAKE SR", "SAMUEL JEAKE JR"	TRUE	FALSE	TRUE	TRUE	MALE-MALE	FAMILY
45	6.50	0.00	6.50	0.00	0.00	0.00	0.00	0.00	0.00	0.00	0.00	0.00	0.00	0.00	6.50	"SAMUEL JEAKE SR", "SAMUEL JEAKE JR"	TRUE	FALSE	TRUE	TRUE	MALE-MALE	FAMILY
46	6.50	0.00	0.00	0.00	0.00	0.00	0.00	0.00	0.00	0.00	0.00	0.00	0.00	0.00	0.00	"SAMUEL JEAKE SR", "SAMUEL JEAKE JR"	TRUE	FALSE	TRUE	TRUE	MALE-MALE	FAMILY
48	0.00	0.00	0.00	0.00	0.00	0.00	0.00	0.00	0.00	0.00	0.00	0.00	0.00	0.00	0.00	"SAMUEL JEAKE SR", "SAMUEL JEAKE JR"	TRUE	FALSE	TRUE	TRUE	MALE-MALE	FAMILY
52	6.50	0.00	6.50	0.00	0.00	0.00	0.00	0.00	0.00	0.00	6.50	0.00	0.00	0.00	0.00	"SAMUEL JEAKE SR", "SAMUEL JEAKE JR"	TRUE	FALSE	TRUE	TRUE	MALE-MALE	FAMILY
66	0.00	0.00	0.00	0.00	0.00	0.00	0.00	0.00	0.00	0.00	0.00	0.00	0.00	0.00	0.00	"SAMUEL JEAKE SR", "SAMUEL JEAKE JR"	TRUE	FALSE	TRUE	TRUE	MALE-MALE	FAMILY
144	13.00	0.00	0.00	0.00	0.00	0.00	6.50	0.00	0.00	0.00	0.00	0.00	0.00	13.00	0.00	"SAMUEL JEAKE SR", "SAMUEL JEAKE JR"	TRUE	FALSE	TRUE	TRUE	MALE-MALE	FAMILY
145	13.00	0.00	0.00	0.00	0.00	0.00	0.00	6.50	0.00	0.00	0.00	0.00	0.00	0.00	0.00	"SAMUEL JEAKE SR", "SAMUEL JEAKE JR"	TRUE	FALSE	TRUE	TRUE	MALE-MALE	FAMILY
146	6.50	0.00	0.00	0.00	0.00	0.00	0.00	0.00	6.50	0.00	0.00	0.00	0.00	0.00	0.00	"SAMUEL JEAKE SR", "SAMUEL JEAKE JR"	TRUE	FALSE	TRUE	TRUE	MALE-MALE	FAMILY
148	13.00	0.00	0.00	0.00	6.50	0.00	0.00	6.50	0.00	0.00	0.00	0.00	13.00	0.00	0.00	"SAMUEL JEAKE SR", "SAMUEL JEAKE JR"	TRUE	FALSE	TRUE	TRUE	MALE-MALE	FAMILY
149	25.99	0.00	0.00	0.00	0.00	6.50	0.00	6.50	6.50	6.50	0.00	0.00	13.00	13.00	0.00	"SAMUEL JEAKE SR", "SAMUEL JEAKE JR"	TRUE	FALSE	TRUE	TRUE	MALE-MALE	FAMILY
150	6.50	0.00	0.00	0.00	6.50	0.00	0.00	0.00	0.00	0.00	0.00	0.00	6.50	0.00	0.00	"SAMUEL JEAKE SR", "SAMUEL JEAKE JR"	TRUE	FALSE	TRUE	TRUE	MALE-MALE	FAMILY
151	13.00	0.00	0.00	0.00	0.00	0.00	0.00	0.00	6.50	6.50	0.00	0.00	13.00	0.00	0.00	"SAMUEL JEAKE SR", "SAMUEL JEAKE JR"	TRUE	FALSE	TRUE	TRUE	MALE-MALE	FAMILY
152	45.49	0.00	0.00	0.00	6.50	0.00	6.50	6.50	6.50	6.50	0.00	0.00	0.00	19.50	6.50	"SAMUEL JEAKE SR", "SAMUEL JEAKE JR"	TRUE	FALSE	TRUE	TRUE	MALE-MALE	FAMILY
153	6.50	0.00	0.00	0.00	0.00	0.00	0.00	6.50	0.00	0.00	0.00	0.00	0.00	0.00	0.00	"SAMUEL JEAKE SR", "SAMUEL JEAKE JR"	TRUE	FALSE	TRUE	TRUE	MALE-MALE	FAMILY
155	6.50	0.00	0.00	0.00	0.00	0.00	6.50	0.00	0.00	0.00	0.00	0.00	6.50	0.00	0.00	"SAMUEL JEAKE SR", "SAMUEL JEAKE JR"	TRUE	FALSE	TRUE	TRUE	MALE-MALE	FAMILY
156	58.49	0.00	0.00	0.00	6.50	0.00	0.00	6.50	0.00	0.00	0.00	0.00	0.00	0.00	0.00	"SAMUEL JEAKE SR", "SAMUEL JEAKE JR"	TRUE	FALSE	TRUE	TRUE	MALE-MALE	FAMILY
159	0.00	0.00	0.00	0.00	0.00	0.00	0.00	0.00	0.00	0.00	0.00	0.00	0.00	0.00	0.00	"SAMUEL JEAKE SR", "SAMUEL JEAKE JR"	TRUE	FALSE	TRUE	TRUE	MALE-MALE	FAMILY
173	6.50	0.00	0.00	0.00	0.00	0.00	0.00	0.00	0.00	0.00	0.00	0.00	0.00	0.00	0.00	"SAMUEL JEAKE SR", "SAMUEL JEAKE JR"	TRUE	FALSE	TRUE	TRUE	MALE-MALE	FAMILY
177	25.99	0.00	0.00	0.00	0.00	0.00	0.00	6.50	0.00	6.50	0.00	0.00	0.00	0.00	0.00	"SAMUEL JEAKE SR", "SAMUEL JEAKE JR"	TRUE	FALSE	TRUE	TRUE	MALE-MALE	FAMILY
180	19.50	0.00	0.00	0.00	0.00	0.00	0.00	0.00	13.00	0.00	0.00	13.00	0.00	0.00	0.00	"SAMUEL JEAKE SR", "SAMUEL JEAKE JR"	TRUE	FALSE	TRUE	TRUE	MALE-MALE	FAMILY
181	0.00	0.00	0.00	0.00	0.00	0.00	0.00	0.00	0.00	0.00	0.00	0.00	0.00	0.00	0.00	"SAMUEL JEAKE SR", "SAMUEL JEAKE JR"	TRUE	FALSE	TRUE	TRUE	MALE-MALE	FAMILY
183	0.00	0.00	0.00	0.00	0.00	0.00	0.00	0.00	0.00	0.00	0.00	0.00	0.00	0.00	0.00	"SAMUEL JEAKE SR", "SAMUEL JEAKE JR"	TRUE	FALSE	TRUE	TRUE	MALE-MALE	FAMILY
184	6.50	0.00	0.00	0.00	0.00	0.00	0.00	0.00	0.00	0.00	0.00	0.00	0.00	0.00	0.00	"SAMUEL JEAKE SR", "SAMUEL JEAKE JR"	TRUE	FALSE	TRUE	TRUE	MALE-MALE	FAMILY
187	13.00	6.50	0.00	0.00	0.00	0.00	0.00	0.00	0.00	0.00	0.00	0.00	13.00	0.00	0.00	"SAMUEL JEAKE SR", "SAMUEL JEAKE JR"	TRUE	FALSE	TRUE	TRUE	MALE-MALE	FAMILY
191	0.00	0.00	0.00	0.00	0.00	0.00	0.00	0.00	0.00	0.00	0.00	0.00	0.00	0.00	0.00	"SAMUEL JEAKE SR", "SAMUEL JEAKE JR"	TRUE	FALSE	TRUE	TRUE	MALE-MALE	FAMILY
201	6.50	0.00	0.00	0.00	0.00	0.00	0.00	6.50	0.00	0.00	0.00	0.00	6.50	0.00	0.00	"SAMUEL JEAKE SR", "SAMUEL JEAKE JR"	TRUE	FALSE	TRUE	TRUE	MALE-MALE	FAMILY
204	0.00	0.00	0.00	0.00	0.00	0.00	0.00	0.00	0.00	0.00	0.00	0.00	0.00	0.00	0.00	"SAMUEL JEAKE SR", "SAMUEL JEAKE JR"	TRUE	FALSE	TRUE	TRUE	MALE-MALE	FAMILY
205	6.50	0.00	0.00	0.00	0.00	0.00	0.00	6.50	0.00	0.00	0.00	0.00	0.00	0.00	0.00	"SAMUEL JEAKE SR", "SAMUEL JEAKE JR"	TRUE	FALSE	TRUE	TRUE	MALE-MALE	FAMILY
211	13.00	0.00	0.00	0.00	0.00	0.00	0.00	6.50	0.00	0.00	0.00	0.00	0.00	0.00	0.00	"SAMUEL JEAKE SR", "SAMUEL JEAKE JR"	TRUE	FALSE	TRUE	TRUE	MALE-MALE	FAMILY
214	0.00	0.00	0.00	0.00	0.00	0.00	0.00	0.00	0.00	0.00	0.00	0.00	0.00	0.00	0.00	"SAMUEL JEAKE SR", "SAMUEL JEAKE JR"	TRUE	FALSE	TRUE	TRUE	MALE-MALE	FAMILY
63	0.00	0.00	0.00	0.00	0.00	0.00	0.00	0.00	0.00	0.00	0.00	0.00	0.00	0.00	0.00	"THOMAS MILLER", "SAMUEL JEAKE JR"	FALSE	FALSE	TRUE	FALSE	MALE-MALE	BUSINESS; FRIEND
169	11.23	0.00	0.00	0.00	0.00	0.00	0.00	11.23	0.00	0.00	0.00	0.00	0.00	0.00	0.00	"THOMAS MILLER", "SAMUEL JEAKE JR"	TRUE	FALSE	TRUE	FALSE	MALE-MALE	BUSINESS; FRIEND
170	11.23	0.00	0.00	0.00	0.00	0.00	0.00	0.00	11.23	0.00	0.00	0.00	11.23	0.00	0.00	"THOMAS MILLER", "SAMUEL JEAKE JR"	TRUE	FALSE	TRUE	FALSE	MALE-MALE	BUSINESS; FRIEND
171	22.47	0.00	0.00	0.00	0.00	0.00	22.47	0.00	0.00	0.00	0.00	0.00	11.23	0.00	0.00	"THOMAS MILLER", "SAMUEL JEAKE JR"	TRUE	FALSE	TRUE	FALSE	MALE-MALE	BUSINESS; FRIEND
172	0.00	0.00	0.00	0.00	0.00	0.00	0.00	0.00	0.00	0.00	0.00	0.00	0.00	0.00	0.00	"THOMAS MILLER", "SAMUEL JEAKE JR"	TRUE	FALSE	TRUE	FALSE	MALE-MALE	BUSINESS; FRIEND
174	0.00	0.00	0.00	0.00	0.00	0.00	0.00	0.00	0.00	0.00	0.00	0.00	0.00	0.00	0.00	"THOMAS MILLER", "SAMUEL JEAKE JR"	TRUE	FALSE	TRUE	FALSE	MALE-MALE	BUSINESS; FRIEND
178	22.47	0.00	0.00	0.00	0.00	11.23	11.23	0.00	0.00	0.00	0.00	0.00	11.23	11.23	0.00	"THOMAS MILLER", "SAMUEL JEAKE JR"	TRUE	FALSE	TRUE	FALSE	MALE-MALE	BUSINESS; FRIEND
182	0.00	0.00	0.00	0.00	0.00	0.00	0.00	0.00	0.00	0.00	0.00	0.00	0.00	0.00	0.00	"THOMAS MILLER", "SAMUEL JEAKE JR"	TRUE	FALSE	TRUE	FALSE	MALE-MALE	BUSINESS; FRIEND
185	0.00	0.00	0.00	0.00	0.00	0.00	0.00	0.00	0.00	0.00	0.00	0.00	0.00	0.00	0.00	"THOMAS MILLER", "SAMUEL JEAKE JR"	TRUE	FALSE	TRUE	FALSE	MALE-MALE	BUSINESS; FRIEND
186	0.00	0.00	0.00	0.00	0.00	0.00	0.00	0.00	0.00	0.00	0.00	0.00	0.00	0.00	0.00	"THOMAS MILLER", "SAMUEL JEAKE JR"	TRUE	FALSE	TRUE	FALSE	MALE-MALE	BUSINESS; FRIEND
188	0.00	0.00	0.00	0.00	0.00	0.00	0.00	0.00	0.00	0.00	0.00	0.00	0.00	0.00	0.00	"THOMAS MILLER", "SAMUEL JEAKE JR"	TRUE	FALSE	TRUE	FALSE	MALE-MALE	BUSINESS; FRIEND
193	11.23	0.00	0.00	0.00	0.00	0.00	0.00	0.00	0.00	0.00	0.00	0.00	0.00	0.00	0.00	"THOMAS MILLER", "SAMUEL JEAKE JR"	TRUE	FALSE	TRUE	FALSE	MALE-MALE	BUSINESS; FRIEND
197	11.23	0.00	0.00	0.00	0.00	0.00	11.23	0.00	0.00	0.00	0.00	11.23	0.00	0.00	0.00	"THOMAS MILLER", "SAMUEL JEAKE JR"	TRUE	FALSE	TRUE	FALSE	MALE-MALE	BUSINESS; FRIEND
198	0.00	0.00	0.00	0.00	0.00	0.00	0.00	0.00	0.00	0.00	0.00	0.00	0.00	0.00	0.00	"THOMAS MILLER", "SAMUEL JEAKE JR"	TRUE	FALSE	TRUE	FALSE	MALE-MALE	BUSINESS; FRIEND
200	0.00	0.00	0.00	0.00	0.00	0.00	0.00	0.00	0.00	0.00	0.00	0.00	0.00	0.00	0.00	"THOMAS MILLER", "SAMUEL JEAKE JR"	TRUE	FALSE	TRUE	FALSE	MALE-MALE	BUSINESS; FRIEND
202	11.23	0.00	0.00	0.00	0.00	0.00	0.00	0.00	0.00	0.00	0.00	0.00	0.00	0.00	0.00	"THOMAS MILLER", "SAMUEL JEAKE JR"	TRUE	FALSE	TRUE	FALSE	MALE-MALE	BUSINESS; FRIEND
203	0.00	0.00	0.00	0.00	0.00	0.00	0.00	0.00	0.00	0.00	0.00	0.00	0.00	0.00	0.00	"THOMAS MILLER", "SAMUEL JEAKE JR"	TRUE	FALSE	TRUE	FALSE	MALE-MALE	BUSINESS; FRIEND
206	0.00	0.00	0.00	0.00	0.00	0.00	0.00	0.00	0.00	0.00	0.00	0.00	0.00	0.00	0.00	"THOMAS MILLER", "SAMUEL JEAKE JR"	TRUE	FALSE	TRUE	FALSE	MALE-MALE	BUSINESS; FRIEND
207	0.00	0.00	0.00	0.00	0.00	0.00	0.00	0.00	0.00	0.00	0.00	0.00	0.00	0.00	0.00	"THOMAS MILLER", "SAMUEL JEAKE JR"	TRUE	FALSE	TRUE	FALSE	MALE-MALE	BUSINESS; FRIEND
208	0.00	0.00	0.00	0.00	0.00	0.00	0.00	0.00	0.00	0.00	0.00	0.00	0.00	0.00	0.00	"THOMAS MILLER", "SAMUEL JEAKE JR"	TRUE	FALSE	TRUE	FALSE	MALE-MALE	BUSINESS; FRIEND
209	0.00	0.00	0.00	0.00	0.00	0.00	0.00	0.00	0.00	0.00	0.00	0.00	0.00	0.00	0.00	"THOMAS MILLER", "SAMUEL JEAKE JR"	TRUE	FALSE	TRUE	FALSE	MALE-MALE	BUSINESS; FRIEND
210	0.00	0.00	0.00	0.00	0.00	0.00	0.00	0.00	0.00	0.00	0.00	0.00	0.00	0.00	0.00	"THOMAS MILLER", "SAMUEL JEAKE JR"	TRUE	FALSE	TRUE	FALSE	MALE-MALE	BUSINESS; FRIEND
212	0.00	0.00	0.00	0.00	0.00	0.00	0.00	0.00	0.00	0.00	0.00	0.00	0.00	0.00	0.00	"THOMAS MILLER", "SAMUEL JEAKE JR"	TRUE	FALSE	TRUE	FALSE	MALE-MALE	BUSINESS; FRIEND
216	0.00	0.00	0.00	0.00	0.00	0.00	0.00	0.00	0.00	0.00	0.00	0.00	0.00	0.00	0.00	"THOMAS MILLER", "SAMUEL JEAKE JR"	TRUE	FALSE	TRUE	FALSE	MALE-MALE	BUSINESS; FRIEND