id	hit_freq	conf_freq	approve_freq	fixed_freq	object_freq	grat_freq	pray_freq	preserve_freq	presupp_freq	resign_freq	travel_freq	trade_freq	health_freq	politics_freq	social_freq	connection	sender	addressee	pair	year	quinquennial	decennium	sender_birth	addressee_birth_date	sender_generation	addressee_generation	sender_is_older	sender_over_40	addressee_over_40	age_gap_over_20	age_gap	gender_sender	gender_addressee	gender_pair
455	0.00	0.00	0.00	0.00	0.00	0.00	0.00	0.00	0.00	0.00	0.00	0.00	0.00	0.00	0.00	BUSINESS; PRINCIPAL	LOUIS TRIP	JD	"LOUIS TRIP", "JD"	1679	1675-1679	1670-1679	1654	1640	1640-1680	1640-1680	TRUE	TRUE	FALSE	TRUE	35	MALE	MALE	MALE-MALE
457	0.00	0.00	0.00	0.00	0.00	0.00	0.00	0.00	0.00	0.00	0.00	0.00	0.00	0.00	0.00	BUSINESS; PRINCIPAL	STEVEN DE GEER	JD	"STEVEN DE GEER", "JD"	1679	1675-1679	1670-1679	1629	1640	1600-1640	1640-1680	TRUE	TRUE	FALSE	FALSE	11	MALE	MALE	MALE-MALE
SB_185	0.00	0.00	0.00	0.00	0.00	0.00	0.00	0.00	0.00	0.00	0.00	0.00	0.00	0.00	0.00	BUSINESS; AGENT	WILLIAM SKINNER	LM & PJ	"WILLIAM SKINNER", "LM & PJ"	1672	1670-1674	1670-1679	UNK	MULT	UNK	1600-1640	UNK	UNK	FALSE	UNK		MALE	MULT	MALE-MULT
SB_186	0.00	0.00	0.00	0.00	0.00	0.00	0.00	0.00	0.00	0.00	0.00	0.00	0.00	0.00	0.00	BUSINESS; PRINCIPAL	LOUIS TRIP	LM & PJ	"LOUIS TRIP", "LM & PJ"	1672	1670-1674	1670-1679	1654	MULT	1640-1680	1600-1640	TRUE	TRUE	FALSE	TRUE		MALE	MULT	MALE-MULT
SB_M_10	1.63	0.00	0.00	0.00	0.00	0.00	1.63	0.00	0.00	0.00	1.63	0.00	0.00	0.00	0.00	BUSINESS; PRINCIPAL	JOACHIM PÖTTER-LILLIENHOFF & HENRIK THUEN	CM	"JOACHIM PÖTTER-LILLIENHOFF & HENRIK THUEN", "CM"	1668	1665-1669	1660-1669	MULT	1633	1600-1640	1600-1640	TRUE	MULT	FALSE	FALSE		MALE	MALE	MALE-MALE
SB_M_101	3.26	0.00	1.63	0.00	0.00	0.00	1.63	0.00	0.00	0.00	3.26	0.00	0.00	0.00	0.00	BUSINESS; PRINCIPAL	TAR COMPANY DIRECTORS	CM	"TAR COMPANY DIRECTORS", "CM"	1669	1665-1669	1660-1669	MULT	1633	1600-1640	1600-1640	MULT	MULT	FALSE	UNK		MALE	MALE	MALE-MALE
SB_M_102	0.00	0.00	0.00	0.00	0.00	0.00	0.00	0.00	0.00	0.00	0.00	0.00	0.00	0.00	0.00	BUSINESS; AGENT	JEAN & DAVID VAN BAERLE	CM	"JEAN & DAVID VAN BAERLE", "CM"	1669	1665-1669	1660-1669	MULT	1633	UNK	1600-1640	MULT	MULT	FALSE	UNK		MALE	MALE	MALE-MALE
SB_M_103	0.00	0.00	0.00	0.00	0.00	0.00	0.00	0.00	0.00	0.00	0.00	0.00	0.00	0.00	0.00	BUSINESS; AGENT	WILLIAM BROWNE	CM	"WILLIAM BROWNE", "CM"	1669	1665-1669	1660-1669	UNK	1633	UNK	1600-1640	UNK	UNK	FALSE	UNK		MALE	MALE	MALE-MALE
SB_M_104	0.00	0.00	0.00	0.00	0.00	0.00	0.00	0.00	0.00	0.00	0.00	0.00	0.00	0.00	0.00	BUSINESS; CLIENT	JOHAN ARNOLDT FONCK	CM	"JOHAN ARNOLDT FONCK", "CM"	1669	1665-1669	1660-1669	UNK	1633	UNK	1600-1640	UNK	UNK	FALSE	UNK		MALE	MALE	MALE-MALE
SB_M_105	2.34	0.00	0.00	2.34	0.00	0.00	0.00	0.00	0.00	0.00	0.00	2.34	0.00	0.00	0.00	BUSINESS; AGENT	WILLIAM BROWNE	CM	"WILLIAM BROWNE", "CM"	1669	1665-1669	1660-1669	UNK	1633	UNK	1600-1640	UNK	UNK	FALSE	UNK		MALE	MALE	MALE-MALE
SB_M_106	1.63	0.00	0.00	1.63	0.00	0.00	0.00	0.00	0.00	0.00	0.00	1.63	0.00	0.00	0.00	BUSINESS; PRINCIPAL	ABRAHAM MOMMA REENSTIERNA	CM	"ABRAHAM MOMMA REENSTIERNA", "CM"	1669	1665-1669	1660-1669	1623	1633	1600-1640	1600-1640	TRUE	TRUE	FALSE	FALSE	10	MALE	MALE	MALE-MALE
SB_M_109	1.63	0.00	0.00	0.00	0.00	0.00	1.63	0.00	0.00	0.00	1.63	0.00	0.00	0.00	0.00	BUSINESS; PRINCIPAL	ABRAHAM MOMMA REENSTIERNA	CM	"ABRAHAM MOMMA REENSTIERNA", "CM"	1669	1665-1669	1660-1669	1623	1633	1600-1640	1600-1640	TRUE	TRUE	FALSE	FALSE	10	MALE	MALE	MALE-MALE
SB_M_11	0.00	0.00	0.00	0.00	0.00	0.00	0.00	0.00	0.00	0.00	0.00	0.00	0.00	0.00	0.00	BUSINESS; AGENT	JEAN & DAVID VAN BAERLE	CM	"JEAN & DAVID VAN BAERLE", "CM"	1668	1665-1669	1660-1669	MULT	1633	UNK	1600-1640	MULT	MULT	FALSE	UNK		MALE	MALE	MALE-MALE
SB_M_110	0.00	0.00	0.00	0.00	0.00	0.00	0.00	0.00	0.00	0.00	0.00	0.00	0.00	0.00	0.00	BUSINESS; CLIENT	PETER CAULIER	CM	"PETER CAULIER", "CM"	1669	1665-1669	1660-1669	UNK	1633	UNK	1600-1640	UNK	UNK	FALSE	UNK		MALE	MALE	MALE-MALE
SB_M_112	0.00	0.00	0.00	0.00	0.00	0.00	0.00	0.00	0.00	0.00	0.00	0.00	0.00	0.00	0.00	BUSINESS; AGENT	JEAN & DAVID VAN BAERLE	CM	"JEAN & DAVID VAN BAERLE", "CM"	1669	1665-1669	1660-1669	MULT	1633	UNK	1600-1640	MULT	MULT	FALSE	UNK		MALE	MALE	MALE-MALE
SB_M_113	0.00	0.00	0.00	0.00	0.00	0.00	0.00	0.00	0.00	0.00	0.00	0.00	0.00	0.00	0.00	BUSINESS; CLIENT	PETER CAULIER	CM	"PETER CAULIER", "CM"	1669	1665-1669	1660-1669	UNK	1633	UNK	1600-1640	UNK	UNK	FALSE	UNK		MALE	MALE	MALE-MALE
SB_M_114	1.63	0.00	0.00	0.00	0.00	0.00	1.63	0.00	0.00	0.00	1.63	0.00	0.00	0.00	0.00	BUSINESS; PRINCIPAL	TAR COMPANY DIRECTORS	CM	"TAR COMPANY DIRECTORS", "CM"	1669	1665-1669	1660-1669	MULT	1633	1600-1640	1600-1640	MULT	MULT	FALSE	UNK		MALE	MALE	MALE-MALE
SB_M_115	0.00	0.00	0.00	0.00	0.00	0.00	0.00	0.00	0.00	0.00	0.00	0.00	0.00	0.00	0.00	BUSINESS; PRINCIPAL	WILLEM MOMMA	CM	"WILLEM MOMMA", "CM"	1669	1665-1669	1660-1669	1601	1633	1600-1640	1600-1640	TRUE	TRUE	FALSE	TRUE	32	MALE	MALE	MALE-MALE
SB_M_117	0.00	0.00	0.00	0.00	0.00	0.00	0.00	0.00	0.00	0.00	0.00	0.00	0.00	0.00	0.00	BUSINESS; CORRESPONDENT	ROBERT OURSEL	CM	"ROBERT OURSEL", "CM"	1669	1665-1669	1660-1669	1634	1633	1600-1640	1600-1640	FALSE	FALSE	FALSE	FALSE	1	MALE	MALE	MALE-MALE
SB_M_118	2.34	0.00	0.00	0.00	0.00	2.34	0.00	0.00	0.00	0.00	0.00	2.34	0.00	0.00	0.00	BUSINESS; AGENT	PIETRO VAN TEYLINGEN & CO	CM	"PIETRO VAN TEYLINGEN & CO", "CM"	1669	1665-1669	1660-1669	UNK	1633	UNK	1600-1640	UNK	UNK	FALSE	UNK		MALE	MALE	MALE-MALE
SB_M_12	1.83	0.00	0.00	0.00	0.00	0.00	1.83	0.00	0.00	0.00	0.00	0.00	0.00	0.00	0.00	BUSINESS; CLIENT	EGIDIO RULAND	CM	"EGIDIO RULAND", "CM"	1668	1665-1669	1660-1669	UNK	1633	UNK	1600-1640	UNK	UNK	FALSE	UNK		MALE	MALE	MALE-MALE
SB_M_120	0.00	0.00	0.00	0.00	0.00	0.00	0.00	0.00	0.00	0.00	0.00	0.00	0.00	0.00	0.00	BUSINESS; CLIENT	ANDREAS BERENBERG'S WIDOW	CM	"ANDREAS BERENBERG'S WIDOW", "CM"	1669	1665-1669	1660-1669	1604	1633	1600-1640	1600-1640	TRUE	TRUE	FALSE	TRUE	29	FEMALE	MALE	FEMALE-MALE
SB_M_122	1.63	0.00	0.00	0.00	0.00	1.63	0.00	0.00	0.00	0.00	1.63	0.00	0.00	0.00	0.00	BUSINESS; PRINCIPAL	TAR COMPANY DIRECTORS	CM	"TAR COMPANY DIRECTORS", "CM"	1669	1665-1669	1660-1669	MULT	1633	1600-1640	1600-1640	MULT	MULT	FALSE	UNK		MALE	MALE	MALE-MALE
SB_M_123	4.68	0.00	0.00	0.00	0.00	2.34	2.34	0.00	0.00	0.00	4.68	0.00	0.00	0.00	0.00	BUSINESS; AGENT	PIETRO VAN TEYLINGEN & CO	CM	"PIETRO VAN TEYLINGEN & CO", "CM"	1669	1665-1669	1660-1669	UNK	1633	UNK	1600-1640	UNK	UNK	FALSE	UNK		MALE	MALE	MALE-MALE
SB_M_125	4.91	0.00	4.91	0.00	0.00	0.00	0.00	0.00	0.00	0.00	0.00	4.91	0.00	0.00	0.00	BUSINESS; CORRESPONDENT	ROBERT OURSEL	CM	"ROBERT OURSEL", "CM"	1669	1665-1669	1660-1669	1634	1633	1600-1640	1600-1640	FALSE	FALSE	FALSE	FALSE	1	MALE	MALE	MALE-MALE
SB_M_128	0.00	0.00	0.00	0.00	0.00	0.00	0.00	0.00	0.00	0.00	0.00	0.00	0.00	0.00	0.00	BUSINESS; AGENT	WILLIAM BROWNE	CM	"WILLIAM BROWNE", "CM"	1670	1670-1674	1670-1679	UNK	1633	UNK	1600-1640	UNK	UNK	FALSE	UNK		MALE	MALE	MALE-MALE
SB_M_129	0.00	0.00	0.00	0.00	0.00	0.00	0.00	0.00	0.00	0.00	0.00	0.00	0.00	0.00	0.00	BUSINESS; PRINCIPAL	JOACHIM PÖTTER-LILLIENHOFF & HENRIK THUEN	CM	"JOACHIM PÖTTER-LILLIENHOFF & HENRIK THUEN", "CM"	1669	1665-1669	1660-1669	MULT	1633	1600-1640	1600-1640	TRUE	MULT	FALSE	FALSE		MALE	MALE	MALE-MALE
SB_M_130	0.00	0.00	0.00	0.00	0.00	0.00	0.00	0.00	0.00	0.00	0.00	0.00	0.00	0.00	0.00	BUSINESS; PRINCIPAL	TAR COMPANY DIRECTORS	CM	"TAR COMPANY DIRECTORS", "CM"	1669	1665-1669	1660-1669	MULT	1633	1600-1640	1600-1640	MULT	MULT	FALSE	UNK		MALE	MALE	MALE-MALE
SB_M_135	0.00	0.00	0.00	0.00	0.00	0.00	0.00	0.00	0.00	0.00	0.00	0.00	0.00	0.00	0.00	BUSINESS; CORRESPONDENT	ROBERT OURSEL	CM	"ROBERT OURSEL", "CM"	1670	1670-1674	1670-1679	1634	1633	1600-1640	1600-1640	FALSE	FALSE	FALSE	FALSE	1	MALE	MALE	MALE-MALE
SB_M_136	4.89	0.00	0.00	0.00	0.00	1.63	1.63	0.00	0.00	1.63	1.63	0.00	3.26	0.00	0.00	BUSINESS; PRINCIPAL	JAN VAN SAVELANT	LM	"JAN VAN SAVELANT", "LM"	1670	1670-1674	1670-1679	1603	1637	1600-1640	1600-1640	TRUE	TRUE	FALSE	TRUE	34	MALE	FEMALE	MALE-FEMALE
SB_M_137	0.00	0.00	0.00	0.00	0.00	0.00	0.00	0.00	0.00	0.00	0.00	0.00	0.00	0.00	0.00	BUSINESS; PRINCIPAL	JAN VAN SAVELANT	LM	"JAN VAN SAVELANT", "LM"	1670	1670-1674	1670-1679	1603	1637	1600-1640	1600-1640	TRUE	TRUE	FALSE	TRUE	34	MALE	FEMALE	MALE-FEMALE
SB_M_138	0.00	0.00	0.00	0.00	0.00	0.00	0.00	0.00	0.00	0.00	0.00	0.00	0.00	0.00	0.00	BUSINESS; PRINCIPAL	JAN VAN SAVELANT	LM	"JAN VAN SAVELANT", "LM"	1670	1670-1674	1670-1679	1603	1637	1600-1640	1600-1640	TRUE	TRUE	FALSE	TRUE	34	MALE	FEMALE	MALE-FEMALE
SB_M_139	0.00	0.00	0.00	0.00	0.00	0.00	0.00	0.00	0.00	0.00	0.00	0.00	0.00	0.00	0.00	BUSINESS; AGENT	WILLIAM BROWNE	PJ & CO	"WILLIAM BROWNE", "PJ & CO"	1671	1670-1674	1670-1679	UNK	1636	UNK	1600-1640	UNK	UNK	FALSE	UNK		MALE	MALE	MALE-MALE
SB_M_14	4.91	0.00	0.00	0.00	0.00	4.91	0.00	0.00	0.00	0.00	4.91	0.00	0.00	0.00	0.00	BUSINESS; CORRESPONDENT	ROBERT OURSEL	CM	"ROBERT OURSEL", "CM"	1668	1665-1669	1660-1669	1634	1633	1600-1640	1600-1640	FALSE	FALSE	FALSE	FALSE	1	MALE	MALE	MALE-MALE
SB_M_140	0.00	0.00	0.00	0.00	0.00	0.00	0.00	0.00	0.00	0.00	0.00	0.00	0.00	0.00	0.00	BUSINESS; PRINCIPAL	STEVEN DE GEER	LM & PJ	"STEVEN DE GEER", "LM & PJ"	1671	1670-1674	1670-1679	1629	MULT	1600-1640	1600-1640	TRUE	TRUE	FALSE	FALSE		MALE	MULT	MALE-MULT
SB_M_141	0.00	0.00	0.00	0.00	0.00	0.00	0.00	0.00	0.00	0.00	0.00	0.00	0.00	0.00	0.00	BUSINESS; PRINCIPAL	LOUIS TRIP	LM & PJ	"LOUIS TRIP", "LM & PJ"	1671	1670-1674	1670-1679	1654	MULT	1640-1680	1600-1640	TRUE	TRUE	FALSE	TRUE		MALE	MULT	MALE-MULT
SB_M_142	0.00	0.00	0.00	0.00	0.00	0.00	0.00	0.00	0.00	0.00	0.00	0.00	0.00	0.00	0.00	BUSINESS; PRINCIPAL	WILLEM MOMMA	LM & PJ	"WILLEM MOMMA", "LM & PJ"	1671	1670-1674	1670-1679	1601	MULT	1600-1640	1600-1640	TRUE	TRUE	FALSE	TRUE		MALE	MULT	MALE-MULT
SB_M_143	0.00	0.00	0.00	0.00	0.00	0.00	0.00	0.00	0.00	0.00	0.00	0.00	0.00	0.00	0.00	BUSINESS; PRINCIPAL	JOACHIM PÖTTER-LILLIENHOFF & HENRIK THUEN	LM & PJ	"JOACHIM PÖTTER-LILLIENHOFF & HENRIK THUEN", "LM & PJ"	1671	1670-1674	1670-1679	MULT	MULT	1600-1640	1600-1640	TRUE	TRUE	FALSE	FALSE		MALE	MULT	MALE-MULT
SB_M_144	1.63	0.00	1.63	0.00	0.00	0.00	0.00	0.00	0.00	0.00	0.00	1.63	0.00	0.00	0.00	BUSINESS; PRINCIPAL	TAR COMPANY DIRECTORS	LM & PJ	"TAR COMPANY DIRECTORS", "LM & PJ"	1671	1670-1674	1670-1679	MULT	MULT	1600-1640	1600-1640	MULT	MULT	FALSE	UNK		MALE	MULT	MALE-MULT
SB_M_145	0.00	0.00	0.00	0.00	0.00	0.00	0.00	0.00	0.00	0.00	0.00	0.00	0.00	0.00	0.00	BUSINESS; PRINCIPAL	WILLEM MOMMA	LM & PJ	"WILLEM MOMMA", "LM & PJ"	1671	1670-1674	1670-1679	1601	MULT	1600-1640	1600-1640	TRUE	TRUE	FALSE	TRUE		MALE	MULT	MALE-MULT
SB_M_147	0.00	0.00	0.00	0.00	0.00	0.00	0.00	0.00	0.00	0.00	0.00	0.00	0.00	0.00	0.00	BUSINESS; PRINCIPAL	LOUIS TRIP	LM & PJ	"LOUIS TRIP", "LM & PJ"	1671	1670-1674	1670-1679	1654	MULT	1640-1680	1600-1640	TRUE	TRUE	FALSE	TRUE		MALE	MULT	MALE-MULT
SB_M_15	0.00	0.00	0.00	0.00	0.00	0.00	0.00	0.00	0.00	0.00	0.00	0.00	0.00	0.00	0.00	BUSINESS; CLIENT	ANDREAS BERENBERG'S WIDOW	CM	"ANDREAS BERENBERG'S WIDOW", "CM"	1668	1665-1669	1660-1669	1604	1633	1600-1640	1600-1640	TRUE	TRUE	FALSE	TRUE	29	FEMALE	MALE	FEMALE-MALE
SB_M_151	0.00	0.00	0.00	0.00	0.00	0.00	0.00	0.00	0.00	0.00	0.00	0.00	0.00	0.00	0.00	BUSINESS; CLIENT	ARNOLD RULAND	LM & PJ	"ARNOLD RULAND", "LM & PJ"	1671	1670-1674	1670-1679	UNK	MULT	UNK	1600-1640	UNK	UNK	FALSE	UNK		MALE	MULT	MALE-MULT
SB_M_152	0.00	0.00	0.00	0.00	0.00	0.00	0.00	0.00	0.00	0.00	0.00	0.00	0.00	0.00	0.00	BUSINESS; PRINCIPAL	WILLEM MOMMA	LM & PJ	"WILLEM MOMMA", "LM & PJ"	1671	1670-1674	1670-1679	1601	MULT	1600-1640	1600-1640	TRUE	TRUE	FALSE	TRUE		MALE	MULT	MALE-MULT
SB_M_153	0.00	0.00	0.00	0.00	0.00	0.00	0.00	0.00	0.00	0.00	0.00	0.00	0.00	0.00	0.00	BUSINESS; PRINCIPAL	JAN VAN SAVELANT	LM & PJ	"JAN VAN SAVELANT", "LM & PJ"	1671	1670-1674	1670-1679	1603	MULT	1600-1640	1600-1640	TRUE	TRUE	FALSE	TRUE		MALE	MULT	MALE-MULT
SB_M_155	1.63	0.00	1.63	0.00	0.00	0.00	0.00	0.00	0.00	0.00	0.00	1.63	0.00	0.00	0.00	BUSINESS; PRINCIPAL	TAR COMPANY DIRECTORS	LM & PJ	"TAR COMPANY DIRECTORS", "LM & PJ"	1671	1670-1674	1670-1679	MULT	MULT	1600-1640	1600-1640	MULT	MULT	FALSE	UNK		MALE	MULT	MALE-MULT
SB_M_156	0.00	0.00	0.00	0.00	0.00	0.00	0.00	0.00	0.00	0.00	0.00	0.00	0.00	0.00	0.00	BUSINESS; AGENT	JEAN & DAVID VAN BAERLE	LM & PJ	"JEAN & DAVID VAN BAERLE", "LM & PJ"	1671	1670-1674	1670-1679	MULT	MULT	UNK	1600-1640	MULT	MULT	FALSE	UNK		MALE	MULT	MALE-MULT
SB_M_157	0.00	0.00	0.00	0.00	0.00	0.00	0.00	0.00	0.00	0.00	0.00	0.00	0.00	0.00	0.00	BUSINESS; AGENT	WILLIAM SKINNER	LM & PJ	"WILLIAM SKINNER", "LM & PJ"	1671	1670-1674	1670-1679	UNK	MULT	UNK	1600-1640	UNK	UNK	FALSE	UNK		MALE	MULT	MALE-MULT
SB_M_158	0.00	0.00	0.00	0.00	0.00	0.00	0.00	0.00	0.00	0.00	0.00	0.00	0.00	0.00	0.00	BUSINESS; AGENT	JEAN & DAVID VAN BAERLE	LM & PJ	"JEAN & DAVID VAN BAERLE", "LM & PJ"	1671	1670-1674	1670-1679	MULT	MULT	UNK	1600-1640	MULT	MULT	FALSE	UNK		MALE	MULT	MALE-MULT
SB_M_159	0.00	0.00	0.00	0.00	0.00	0.00	0.00	0.00	0.00	0.00	0.00	0.00	0.00	0.00	0.00	BUSINESS; PRINCIPAL	JAN VAN SAVELANT	LM & PJ	"JAN VAN SAVELANT", "LM & PJ"	1671	1670-1674	1670-1679	1603	MULT	1600-1640	1600-1640	TRUE	TRUE	FALSE	TRUE		MALE	MULT	MALE-MULT
SB_M_160	0.00	0.00	0.00	0.00	0.00	0.00	0.00	0.00	0.00	0.00	0.00	0.00	0.00	0.00	0.00	BUSINESS; PRINCIPAL	STEVEN DE GEER	LM & PJ	"STEVEN DE GEER", "LM & PJ"	1671	1670-1674	1670-1679	1629	MULT	1600-1640	1600-1640	TRUE	TRUE	FALSE	FALSE		MALE	MULT	MALE-MULT
SB_M_162	0.00	0.00	0.00	0.00	0.00	0.00	0.00	0.00	0.00	0.00	0.00	0.00	0.00	0.00	0.00	BUSINESS; CLIENT	JOHAN ARNOLDT FONCK	LM & PJ	"JOHAN ARNOLDT FONCK", "LM & PJ"	1671	1670-1674	1670-1679	UNK	MULT	UNK	1600-1640	UNK	UNK	FALSE	UNK		MALE	MULT	MALE-MULT
SB_M_164	1.63	0.00	0.00	0.00	0.00	0.00	0.00	1.63	0.00	0.00	0.00	0.00	0.00	0.00	1.63	BUSINESS; PRINCIPAL	STEVEN DE GEER	LM & PJ	"STEVEN DE GEER", "LM & PJ"	1671	1670-1674	1670-1679	1629	MULT	1600-1640	1600-1640	TRUE	TRUE	FALSE	FALSE		MALE	MULT	MALE-MULT
SB_M_166	0.00	0.00	0.00	0.00	0.00	0.00	0.00	0.00	0.00	0.00	0.00	0.00	0.00	0.00	0.00	BUSINESS; CLIENT	PAUL BERENBERG (JR.)	LM & PJ	"PAUL BERENBERG (JR.)", "LM & PJ"	1671	1670-1674	1670-1679	1628	MULT	1600-1640	1600-1640	TRUE	TRUE	FALSE	FALSE		MALE	MULT	MALE-MULT
SB_M_167	0.00	0.00	0.00	0.00	0.00	0.00	0.00	0.00	0.00	0.00	0.00	0.00	0.00	0.00	0.00	BUSINESS; AGENT	PIETRO VAN TEYLINGEN & CO	LM & PJ	"PIETRO VAN TEYLINGEN & CO", "LM & PJ"	1671	1670-1674	1670-1679	UNK	MULT	UNK	1600-1640	UNK	UNK	FALSE	UNK		MALE	MULT	MALE-MULT
SB_M_168	0.00	0.00	0.00	0.00	0.00	0.00	0.00	0.00	0.00	0.00	0.00	0.00	0.00	0.00	0.00	BUSINESS; PRINCIPAL	JOACHIM PÖTTER-LILLIENHOFF & HENRIK THUEN	LM & PJ	"JOACHIM PÖTTER-LILLIENHOFF & HENRIK THUEN", "LM & PJ"	1671	1670-1674	1670-1679	MULT	MULT	1600-1640	1600-1640	TRUE	TRUE	FALSE	FALSE		MALE	MULT	MALE-MULT
SB_M_169	1.63	0.00	1.63	0.00	0.00	0.00	0.00	0.00	0.00	0.00	0.00	1.63	0.00	0.00	0.00	BUSINESS; PRINCIPAL	WILLEM MOMMA	LM & PJ	"WILLEM MOMMA", "LM & PJ"	1671	1670-1674	1670-1679	1601	MULT	1600-1640	1600-1640	TRUE	TRUE	FALSE	TRUE		MALE	MULT	MALE-MULT
SB_M_17	0.00	0.00	0.00	0.00	0.00	0.00	0.00	0.00	0.00	0.00	0.00	0.00	0.00	0.00	0.00	BUSINESS; AGENT	JEAN & DAVID VAN BAERLE	CM	"JEAN & DAVID VAN BAERLE", "CM"	1668	1665-1669	1660-1669	MULT	1633	UNK	1600-1640	MULT	MULT	FALSE	UNK		MALE	MALE	MALE-MALE
SB_M_170	2.34	0.00	0.00	0.00	0.00	2.34	0.00	0.00	0.00	0.00	2.34	0.00	0.00	0.00	0.00	BUSINESS; AGENT	PIETRO VAN TEYLINGEN & CO	LM & PJ	"PIETRO VAN TEYLINGEN & CO", "LM & PJ"	1671	1670-1674	1670-1679	UNK	MULT	UNK	1600-1640	UNK	UNK	FALSE	UNK		MALE	MULT	MALE-MULT
SB_M_171	1.83	0.00	0.00	0.00	0.00	0.00	0.00	0.00	0.00	1.83	1.83	0.00	0.00	0.00	0.00	BUSINESS; CLIENT	ANDREAS BERENBERG'S WIDOW	LM & PJ	"ANDREAS BERENBERG'S WIDOW", "LM & PJ"	1671	1670-1674	1670-1679	1604	MULT	1600-1640	1600-1640	TRUE	TRUE	FALSE	TRUE		FEMALE	MULT	FEMALE-MULT
SB_M_172	0.00	0.00	0.00	0.00	0.00	0.00	0.00	0.00	0.00	0.00	0.00	0.00	0.00	0.00	0.00	BUSINESS; PRINCIPAL	STEVEN DE GEER	LM & PJ	"STEVEN DE GEER", "LM & PJ"	1671	1670-1674	1670-1679	1629	MULT	1600-1640	1600-1640	TRUE	TRUE	FALSE	FALSE		MALE	MULT	MALE-MULT
SB_M_173	0.00	0.00	0.00	0.00	0.00	0.00	0.00	0.00	0.00	0.00	0.00	0.00	0.00	0.00	0.00	BUSINESS; CLIENT	PAUL BERENBERG (JR.)	LM & PJ	"PAUL BERENBERG (JR.)", "LM & PJ"	1671	1670-1674	1670-1679	1628	MULT	1600-1640	1600-1640	TRUE	TRUE	FALSE	FALSE		MALE	MULT	MALE-MULT
SB_M_174	0.00	0.00	0.00	0.00	0.00	0.00	0.00	0.00	0.00	0.00	0.00	0.00	0.00	0.00	0.00	BUSINESS; PRINCIPAL	WILLEM MOMMA	LM & PJ	"WILLEM MOMMA", "LM & PJ"	1671	1670-1674	1670-1679	1601	MULT	1600-1640	1600-1640	TRUE	TRUE	FALSE	TRUE		MALE	MULT	MALE-MULT
SB_M_176	0.00	0.00	0.00	0.00	0.00	0.00	0.00	0.00	0.00	0.00	0.00	0.00	0.00	0.00	0.00	BUSINESS; CLIENT	ANDREAS BERENBERG'S WIDOW	LM & PJ	"ANDREAS BERENBERG'S WIDOW", "LM & PJ"	1671	1670-1674	1670-1679	1604	MULT	1600-1640	1600-1640	TRUE	TRUE	FALSE	TRUE		FEMALE	MULT	FEMALE-MULT
SB_M_177	1.63	0.00	0.00	0.00	0.00	1.63	0.00	0.00	0.00	0.00	1.63	0.00	0.00	0.00	0.00	BUSINESS; PRINCIPAL	WILLEM MOMMA	LM & PJ	"WILLEM MOMMA", "LM & PJ"	1671	1670-1674	1670-1679	1601	MULT	1600-1640	1600-1640	TRUE	TRUE	FALSE	TRUE		MALE	MULT	MALE-MULT
SB_M_178	0.00	0.00	0.00	0.00	0.00	0.00	0.00	0.00	0.00	0.00	0.00	0.00	0.00	0.00	0.00	BUSINESS; PRINCIPAL	WILLEM MOMMA	LM & PJ	"WILLEM MOMMA", "LM & PJ"	1671	1670-1674	1670-1679	1601	MULT	1600-1640	1600-1640	TRUE	TRUE	FALSE	TRUE		MALE	MULT	MALE-MULT
SB_M_18	1.63	0.00	0.00	0.00	0.00	0.00	1.63	0.00	0.00	0.00	0.00	1.63	0.00	0.00	0.00	BUSINESS; PRINCIPAL	STEVEN DE GEER	CM	"STEVEN DE GEER", "CM"	1668	1665-1669	1660-1669	1629	1633	1600-1640	1600-1640	TRUE	FALSE	FALSE	FALSE	4	MALE	MALE	MALE-MALE
SB_M_180	0.00	0.00	0.00	0.00	0.00	0.00	0.00	0.00	0.00	0.00	0.00	0.00	0.00	0.00	0.00	BUSINESS; PRINCIPAL	JAN VAN SAVELANT	LM & PJ	"JAN VAN SAVELANT", "LM & PJ"	1672	1670-1674	1670-1679	1603	MULT	1600-1640	1600-1640	TRUE	TRUE	FALSE	TRUE		MALE	MULT	MALE-MULT
SB_M_181	0.00	0.00	0.00	0.00	0.00	0.00	0.00	0.00	0.00	0.00	0.00	0.00	0.00	0.00	0.00	BUSINESS; PRINCIPAL	STEVEN DE GEER	LM & PJ	"STEVEN DE GEER", "LM & PJ"	1672	1670-1674	1670-1679	1629	MULT	1600-1640	1600-1640	TRUE	TRUE	FALSE	FALSE		MALE	MULT	MALE-MULT
SB_M_182	0.00	0.00	0.00	0.00	0.00	0.00	0.00	0.00	0.00	0.00	0.00	0.00	0.00	0.00	0.00	BUSINESS; PRINCIPAL	HENDRIK CLETCHER	LM & PJ	"HENDRIK CLETCHER", "LM & PJ"	1672	1670-1674	1670-1679	1623	MULT	1600-1640	1600-1640	TRUE	TRUE	FALSE	FALSE		MALE	MULT	MALE-MULT
SB_M_183	0.00	0.00	0.00	0.00	0.00	0.00	0.00	0.00	0.00	0.00	0.00	0.00	0.00	0.00	0.00	BUSINESS; CLIENT	PAUL BERENBERG (JR.)	LM & PJ	"PAUL BERENBERG (JR.)", "LM & PJ"	1672	1670-1674	1670-1679	1628	MULT	1600-1640	1600-1640	TRUE	TRUE	FALSE	FALSE		MALE	MULT	MALE-MULT
SB_M_184	0.00	0.00	0.00	0.00	0.00	0.00	0.00	0.00	0.00	0.00	0.00	0.00	0.00	0.00	0.00	BUSINESS; PRINCIPAL	LOUIS TRIP	LM & JD	"LOUIS TRIP", "LM & JD"	1672	1670-1674	1670-1679	1654	MULT	1640-1680	MUL	TRUE	TRUE	FALSE	TRUE		MALE	MULT	MALE-MULT
SB_M_187	0.00	0.00	0.00	0.00	0.00	0.00	0.00	0.00	0.00	0.00	0.00	0.00	0.00	0.00	0.00	BUSINESS; PRINCIPAL	STEVEN DE GEER	LM & PJ	"STEVEN DE GEER", "LM & PJ"	1672	1670-1674	1670-1679	1629	MULT	1600-1640	1600-1640	TRUE	TRUE	FALSE	FALSE		MALE	MULT	MALE-MULT
SB_M_188	0.00	0.00	0.00	0.00	0.00	0.00	0.00	0.00	0.00	0.00	0.00	0.00	0.00	0.00	0.00	BUSINESS; CLIENT	PAUL BERENBERG (JR.)	LM & PJ	"PAUL BERENBERG (JR.)", "LM & PJ"	1672	1670-1674	1670-1679	1628	MULT	1600-1640	1600-1640	TRUE	TRUE	FALSE	FALSE		MALE	MULT	MALE-MULT
SB_M_190	0.00	0.00	0.00	0.00	0.00	0.00	0.00	0.00	0.00	0.00	0.00	0.00	0.00	0.00	0.00	BUSINESS; PRINCIPAL	WILLEM MOMMA	LM & PJ	"WILLEM MOMMA", "LM & PJ"	1672	1670-1674	1670-1679	1601	MULT	1600-1640	1600-1640	TRUE	TRUE	FALSE	TRUE		MALE	MULT	MALE-MULT
SB_M_191	4.68	0.00	0.00	2.34	0.00	0.00	2.34	0.00	0.00	0.00	2.34	2.34	0.00	0.00	0.00	BUSINESS; AGENT	PIETRO VAN TEYLINGEN & CO	LM & PJ	"PIETRO VAN TEYLINGEN & CO", "LM & PJ"	1672	1670-1674	1670-1679	UNK	MULT	UNK	1600-1640	UNK	UNK	FALSE	UNK		MALE	MULT	MALE-MULT
SB_M_200	0.00	0.00	0.00	0.00	0.00	0.00	0.00	0.00	0.00	0.00	0.00	0.00	0.00	0.00	0.00	BUSINESS; CLIENT	EGIDIO RULAND	LM & PJ	"EGIDIO RULAND", "LM & PJ"	1672	1670-1674	1670-1679	UNK	MULT	UNK	1600-1640	UNK	UNK	FALSE	UNK		MALE	MULT	MALE-MULT
SB_M_201	1.63	0.00	0.00	0.00	0.00	0.00	0.00	0.00	0.00	1.63	0.00	1.63	0.00	0.00	0.00	BUSINESS; PRINCIPAL	WILLEM MOMMA	LM & PJ	"WILLEM MOMMA", "LM & PJ"	1672	1670-1674	1670-1679	1601	MULT	1600-1640	1600-1640	TRUE	TRUE	FALSE	TRUE		MALE	MULT	MALE-MULT
SB_M_203	0.00	0.00	0.00	0.00	0.00	0.00	0.00	0.00	0.00	0.00	0.00	0.00	0.00	0.00	0.00	BUSINESS; CLIENT	ANDREAS BERENBERG'S WIDOW	LM & PJ	"ANDREAS BERENBERG'S WIDOW", "LM & PJ"	1672	1670-1674	1670-1679	1604	MULT	1600-1640	1600-1640	TRUE	TRUE	FALSE	TRUE		FEMALE	MULT	FEMALE-MULT
SB_M_204	0.00	0.00	0.00	0.00	0.00	0.00	0.00	0.00	0.00	0.00	0.00	0.00	0.00	0.00	0.00	BUSINESS; AGENT	PIETRO VAN TEYLINGEN & CO	LM	"PIETRO VAN TEYLINGEN & CO", "LM"	1672	1670-1674	1670-1679	UNK	1637	UNK	1600-1640	UNK	UNK	FALSE	UNK		MALE	FEMALE	MALE-FEMALE
SB_M_207	1.83	0.00	0.00	0.00	0.00	0.00	1.83	0.00	0.00	0.00	0.00	1.83	0.00	0.00	0.00	BUSINESS; CLIENT	PAUL BERENBERG (JR.)	LM & PJ	"PAUL BERENBERG (JR.)", "LM & PJ"	1672	1670-1674	1670-1679	1628	MULT	1600-1640	1600-1640	TRUE	TRUE	FALSE	FALSE		MALE	MULT	MALE-MULT
SB_M_21	11.41	0.00	0.00	1.63	0.00	1.63	8.15	0.00	0.00	0.00	8.15	3.26	0.00	0.00	0.00	BUSINESS; PRINCIPAL	ABRAHAM MOMMA REENSTIERNA	CM	"ABRAHAM MOMMA REENSTIERNA", "CM"	1668	1665-1669	1660-1669	1623	1633	1600-1640	1600-1640	TRUE	TRUE	FALSE	FALSE	10	MALE	MALE	MALE-MALE
SB_M_210	0.00	0.00	0.00	0.00	0.00	0.00	0.00	0.00	0.00	0.00	0.00	0.00	0.00	0.00	0.00	BUSINESS; CLIENT	ANDREAS BERENBERG'S WIDOW	LM & PJ	"ANDREAS BERENBERG'S WIDOW", "LM & PJ"	1672	1670-1674	1670-1679	1604	MULT	1600-1640	1600-1640	TRUE	TRUE	FALSE	TRUE		FEMALE	MULT	FEMALE-MULT
SB_M_211	8.15	0.00	0.00	0.00	0.00	1.63	3.26	0.00	3.26	0.00	4.89	3.26	0.00	0.00	0.00	BUSINESS; PRINCIPAL	JOACHIM PÖTTER-LILLIENHOFF & HENRIK THUEN	LM & PJ	"JOACHIM PÖTTER-LILLIENHOFF & HENRIK THUEN", "LM & PJ"	1672	1670-1674	1670-1679	MULT	MULT	1600-1640	1600-1640	TRUE	TRUE	FALSE	FALSE		MALE	MULT	MALE-MULT
SB_M_212	0.00	0.00	0.00	0.00	0.00	0.00	0.00	0.00	0.00	0.00	0.00	0.00	0.00	0.00	0.00	BUSINESS; CLIENT	ANDREAS BERENBERG'S WIDOW	LM & PJ	"ANDREAS BERENBERG'S WIDOW", "LM & PJ"	1672	1670-1674	1670-1679	1604	MULT	1600-1640	1600-1640	TRUE	TRUE	FALSE	TRUE		FEMALE	MULT	FEMALE-MULT
SB_M_213	0.00	0.00	0.00	0.00	0.00	0.00	0.00	0.00	0.00	0.00	0.00	0.00	0.00	0.00	0.00	BUSINESS; PRINCIPAL	WILLEM MOMMA	LM & PJ	"WILLEM MOMMA", "LM & PJ"	1672	1670-1674	1670-1679	1601	MULT	1600-1640	1600-1640	TRUE	TRUE	FALSE	TRUE		MALE	MULT	MALE-MULT
SB_M_214	0.00	0.00	0.00	0.00	0.00	0.00	0.00	0.00	0.00	0.00	0.00	0.00	0.00	0.00	0.00	BUSINESS; CLIENT	EGIDIO RULAND	LM & PJ	"EGIDIO RULAND", "LM & PJ"	1672	1670-1674	1670-1679	UNK	MULT	UNK	1600-1640	UNK	UNK	FALSE	UNK		MALE	MULT	MALE-MULT
SB_M_215	1.63	0.00	0.00	0.00	0.00	1.63	0.00	0.00	0.00	0.00	1.63	0.00	0.00	0.00	0.00	BUSINESS; PRINCIPAL	STEVEN DE GEER	LM & PJ	"STEVEN DE GEER", "LM & PJ"	1672	1670-1674	1670-1679	1629	MULT	1600-1640	1600-1640	TRUE	TRUE	FALSE	FALSE		MALE	MULT	MALE-MULT
SB_M_216	0.00	0.00	0.00	0.00	0.00	0.00	0.00	0.00	0.00	0.00	0.00	0.00	0.00	0.00	0.00	BUSINESS; CLIENT	PAUL BERENBERG (JR.)	LM & PJ	"PAUL BERENBERG (JR.)", "LM & PJ"	1672	1670-1674	1670-1679	1628	MULT	1600-1640	1600-1640	TRUE	TRUE	FALSE	FALSE		MALE	MULT	MALE-MULT
SB_M_217	0.00	0.00	0.00	0.00	0.00	0.00	0.00	0.00	0.00	0.00	0.00	0.00	0.00	0.00	0.00	BUSINESS; PRINCIPAL	STEVEN DE GEER	LM & PJ	"STEVEN DE GEER", "LM & PJ"	1672	1670-1674	1670-1679	1629	MULT	1600-1640	1600-1640	TRUE	TRUE	FALSE	FALSE		MALE	MULT	MALE-MULT
SB_M_22	0.00	0.00	0.00	0.00	0.00	0.00	0.00	0.00	0.00	0.00	0.00	0.00	0.00	0.00	0.00	BUSINESS; CLIENT	ARNOLD RULAND	CM	"ARNOLD RULAND", "CM"	1668	1665-1669	1660-1669	UNK	1633	UNK	1600-1640	UNK	UNK	FALSE	UNK		MALE	MALE	MALE-MALE
SB_M_222	1.63	0.00	0.00	0.00	0.00	0.00	1.63	0.00	0.00	0.00	1.63	0.00	0.00	0.00	0.00	BUSINESS; PRINCIPAL	HENDRIK CLETCHER	LM	"HENDRIK CLETCHER", "LM"	1674	1670-1674	1670-1679	1623	1637	1600-1640	1600-1640	TRUE	TRUE	FALSE	FALSE	14	MALE	FEMALE	MALE-FEMALE
SB_M_223	19.66	0.00	0.00	4.91	0.00	4.91	9.83	0.00	0.00	0.00	9.83	9.83	0.00	0.00	0.00	BUSINESS; CORRESPONDENT	CLAUS BENE	LM	"CLAUS BENE", "LM"	1675	1675-1679	1670-1679	UNK	1637	1640-1680	1600-1640	UNK	UNK	FALSE	UNK		MALE	FEMALE	MALE-FEMALE
SB_M_224	1.63	0.00	0.00	0.00	0.00	1.63	0.00	0.00	0.00	0.00	1.63	0.00	0.00	0.00	0.00	BUSINESS; PRINCIPAL	STEVEN DE GEER	LM	"STEVEN DE GEER", "LM"	1675	1675-1679	1670-1679	1629	1637	1600-1640	1600-1640	TRUE	TRUE	FALSE	FALSE	8	MALE	FEMALE	MALE-FEMALE
SB_M_226	0.00	0.00	0.00	0.00	0.00	0.00	0.00	0.00	0.00	0.00	0.00	0.00	0.00	0.00	0.00	BUSINESS; PRINCIPAL	STEVEN DE GEER	LM	"STEVEN DE GEER", "LM"	1675	1675-1679	1670-1679	1629	1637	1600-1640	1600-1640	TRUE	TRUE	FALSE	FALSE	8	MALE	FEMALE	MALE-FEMALE
SB_M_23	0.00	0.00	0.00	0.00	0.00	0.00	0.00	0.00	0.00	0.00	0.00	0.00	0.00	0.00	0.00	BUSINESS; CLIENT	PETER CAULIER	CM	"PETER CAULIER", "CM"	1668	1665-1669	1660-1669	UNK	1633	UNK	1600-1640	UNK	UNK	FALSE	UNK		MALE	MALE	MALE-MALE
SB_M_230	0.00	0.00	0.00	0.00	0.00	0.00	0.00	0.00	0.00	0.00	0.00	0.00	0.00	0.00	0.00	BUSINESS; PRINCIPAL	HENDRIK CLETCHER	LM	"HENDRIK CLETCHER", "LM"	1675	1675-1679	1670-1679	1623	1637	1600-1640	1600-1640	TRUE	TRUE	FALSE	FALSE	14	MALE	FEMALE	MALE-FEMALE
SB_M_231	0.00	0.00	0.00	0.00	0.00	0.00	0.00	0.00	0.00	0.00	0.00	0.00	0.00	0.00	0.00	BUSINESS; AGENT	JEAN & HENDRIK VAN BAERLE	LM	"JEAN & HENDRIK VAN BAERLE", "LM"	1675	1675-1679	1670-1679	MULT	1637	UNK	1600-1640	MULT	MULT	FALSE	UNK		MALE	FEMALE	MALE-FEMALE
SB_M_233	0.00	0.00	0.00	0.00	0.00	0.00	0.00	0.00	0.00	0.00	0.00	0.00	0.00	0.00	0.00	BUSINESS; PRINCIPAL	STEVEN DE GEER	LM	"STEVEN DE GEER", "LM"	1675	1675-1679	1670-1679	1629	1637	1600-1640	1600-1640	TRUE	TRUE	FALSE	FALSE	8	MALE	FEMALE	MALE-FEMALE
SB_M_235	0.00	0.00	0.00	0.00	0.00	0.00	0.00	0.00	0.00	0.00	0.00	0.00	0.00	0.00	0.00	BUSINESS; CORRESPONDENT	CLAUS BENE	LM	"CLAUS BENE", "LM"	1675	1675-1679	1670-1679	UNK	1637	1640-1680	1600-1640	UNK	UNK	FALSE	UNK		MALE	FEMALE	MALE-FEMALE
SB_M_236	22.25	0.00	0.00	0.00	0.00	0.00	0.00	22.25	0.00	0.00	0.00	22.25	0.00	0.00	0.00	FAMILY	TIMOTHY LANNOY & JOHN BURKIN	LM	"TIMOTHY LANNOY & JOHN BURKIN", "LM"	1675	1675-1679	1670-1679	MULT	1637	UNK	1600-1640	MULT	MULT	FALSE	UNK		MALE	FEMALE	MALE-FEMALE
SB_M_237	0.00	0.00	0.00	0.00	0.00	0.00	0.00	0.00	0.00	0.00	0.00	0.00	0.00	0.00	0.00	BUSINESS; PRINCIPAL	HENDRIK CLETCHER	LM	"HENDRIK CLETCHER", "LM"	1675	1675-1679	1670-1679	1623	1637	1600-1640	1600-1640	TRUE	TRUE	FALSE	FALSE	14	MALE	FEMALE	MALE-FEMALE
SB_M_238	0.00	0.00	0.00	0.00	0.00	0.00	0.00	0.00	0.00	0.00	0.00	0.00	0.00	0.00	0.00	BUSINESS; CLIENT	JOHAN ARNOLDT FONCK	LM	"JOHAN ARNOLDT FONCK", "LM"	1676	1675-1679	1670-1679	UNK	1637	UNK	1600-1640	FALSE	UNK	FALSE	UNK		MALE	MALE	MALE-MALE
SB_M_239	1.83	0.00	0.00	0.00	0.00	0.00	1.83	0.00	0.00	0.00	0.00	0.00	0.00	0.00	0.00	BUSINESS; CLIENT	ANDREAS BERENBERG'S WIDOW	LM	"ANDREAS BERENBERG'S WIDOW", "LM"	1676	1675-1679	1670-1679	1604	1637	1600-1640	1600-1640	UNK	TRUE	FALSE	TRUE	33	MALE	FEMALE	MALE-FEMALE
SB_M_24	0.00	0.00	0.00	0.00	0.00	0.00	0.00	0.00	0.00	0.00	0.00	2.34	0.00	0.00	0.00	BUSINESS; AGENT	WILLIAM SKINNER	CM	"WILLIAM SKINNER", "CM"	1668	1665-1669	1660-1669	UNK	1633	UNK	1600-1640	UNK	UNK	FALSE	UNK		MALE	MALE	MALE-MALE
SB_M_242	0.00	0.00	0.00	0.00	0.00	0.00	0.00	0.00	0.00	0.00	0.00	0.00	0.00	0.00	0.00	BUSINESS; CLIENT	JOHAN ARNOLDT FONCK	LM	"JOHAN ARNOLDT FONCK", "LM"	1675	1675-1679	1670-1679	UNK	1637	UNK	1600-1640	TRUE	UNK	FALSE	UNK		FEMALE	FEMALE	FEMALE-FEMALE
SB_M_243	9.83	0.00	0.00	0.00	0.00	4.91	4.91	0.00	0.00	0.00	0.00	0.00	0.00	0.00	0.00	BUSINESS; CORRESPONDENT	CLAUS BENE	LM	"CLAUS BENE", "LM"	1675	1675-1679	1670-1679	UNK	1637	1640-1680	1600-1640	UNK	UNK	FALSE	UNK		MALE	FEMALE	MALE-FEMALE
SB_M_246	0.00	0.00	0.00	0.00	0.00	0.00	0.00	0.00	0.00	0.00	1.63	0.00	0.00	0.00	0.00	BUSINESS; PRINCIPAL	HENDRIK CLETCHER	LM	"HENDRIK CLETCHER", "LM"	1675	1675-1679	1670-1679	1623	1637	1600-1640	1600-1640	TRUE	TRUE	FALSE	FALSE	14	MALE	FEMALE	MALE-FEMALE
SB_M_249	0.00	0.00	0.00	0.00	0.00	0.00	0.00	0.00	0.00	0.00	0.00	0.00	0.00	0.00	0.00	BUSINESS; AGENT	FREDERICK & GODSCHALL	LM	"FREDERICK & GODSCHALL", "LM"	1675	1675-1679	1670-1679	MULT	1637	UNK	1600-1640	MULT	MULT	FALSE	UNK		MALE	FEMALE	MALE-FEMALE
SB_M_250	2.34	0.00	0.00	0.00	0.00	0.00	2.34	0.00	0.00	0.00	0.00	0.00	0.00	0.00	0.00	BUSINESS; AGENT	FREDERICK & GODSCHALL	LM	"FREDERICK & GODSCHALL", "LM"	1675	1675-1679	1670-1679	MULT	1637	UNK	1600-1640	MULT	MULT	FALSE	UNK		MALE	FEMALE	MALE-FEMALE
SB_M_251	0.00	0.00	0.00	0.00	0.00	0.00	0.00	0.00	0.00	0.00	2.34	0.00	0.00	0.00	0.00	BUSINESS; AGENT	JEAN & HENDRIK VAN BAERLE	LM	"JEAN & HENDRIK VAN BAERLE", "LM"	1675	1675-1679	1670-1679	MULT	1637	UNK	1600-1640	MULT	MULT	FALSE	UNK		MALE	FEMALE	MALE-FEMALE
SB_M_253	0.00	0.00	0.00	0.00	0.00	0.00	0.00	0.00	0.00	0.00	0.00	1.83	0.00	3.66	0.00	BUSINESS; CLIENT	JOHAN ARNOLDT FONCK	LM	"JOHAN ARNOLDT FONCK", "LM"	1675	1675-1679	1670-1679	UNK	1637	UNK	1600-1640	FALSE	UNK	FALSE	UNK		MALE	FEMALE	MALE-FEMALE
SB_M_256	0.00	0.00	0.00	0.00	0.00	0.00	0.00	0.00	0.00	0.00	0.00	0.00	0.00	0.00	0.00	BUSINESS; CLIENT	PETER CAULIER	JD	"PETER CAULIER", "JD"	1675	1675-1679	1670-1679	UNK	1640	UNK	1640-1680	UNK	UNK	FALSE	UNK		MALE	FEMALE	MALE-FEMALE
SB_M_258	2.34	0.00	0.00	0.00	0.00	0.00	2.34	0.00	0.00	0.00	0.00	0.00	0.00	0.00	0.00	BUSINESS; AGENT	FREDERICK & GODSCHALL	LM	"FREDERICK & GODSCHALL", "LM"	1675	1675-1679	1670-1679	MULT	1637	UNK	1600-1640	MULT	MULT	FALSE	UNK		MALE	FEMALE	MALE-FEMALE
SB_M_26	0.00	0.00	0.00	0.00	0.00	0.00	0.00	0.00	0.00	0.00	0.00	2.34	0.00	0.00	0.00	BUSINESS; AGENT	JEAN & DAVID VAN BAERLE	CM	"JEAN & DAVID VAN BAERLE", "CM"	1668	1665-1669	1660-1669	MULT	1633	UNK	1600-1640	MULT	MULT	FALSE	UNK		MALE	MALE	MALE-MALE
SB_M_263	1.83	0.00	0.00	0.00	0.00	0.00	1.83	0.00	0.00	0.00	0.00	1.83	0.00	1.83	1.83	BUSINESS; CLIENT	CLAUS BENE	JD	"CLAUS BENE", "JD"	1675	1675-1679	1670-1679	UNK	1640	1640-1680	1640-1680	FALSE	UNK	FALSE	UNK		MALE	MALE	MALE-MALE
SB_M_264	1.83	0.00	0.00	0.00	0.00	0.00	0.00	1.83	0.00	0.00	1.83	0.00	0.00	0.00	0.00	BUSINESS; CLIENT	JOHAN ARNOLDT FONCK	JD	"JOHAN ARNOLDT FONCK", "JD"	1675	1675-1679	1670-1679	UNK	1640	UNK	1640-1680	UNK	UNK	FALSE	UNK		MALE	MALE	MALE-MALE
SB_M_265	0.00	0.00	0.00	0.00	0.00	0.00	0.00	0.00	0.00	0.00	0.00	0.00	0.00	0.00	22.25	FAMILY	TIMOTHY LANNOY & JOHN BURKIN	LM	"TIMOTHY LANNOY & JOHN BURKIN", "LM"	1675	1675-1679	1670-1679	MULT	1637	UNK	1600-1640	MULT	MULT	FALSE	UNK		MALE	FEMALE	MALE-FEMALE
SB_M_266	0.00	0.00	0.00	0.00	0.00	0.00	0.00	0.00	0.00	0.00	0.00	0.00	0.00	0.00	0.00	BUSINESS; PRINCIPAL	WILLEM MOMMA	LM	"WILLEM MOMMA", "LM"	1675	1675-1679	1670-1679	1601	1637	1600-1640	1600-1640	TRUE	TRUE	FALSE	TRUE	36	MALE	FEMALE	MALE-FEMALE
SB_M_268	1.83	0.00	0.00	0.00	1.83	0.00	0.00	0.00	0.00	0.00	0.00	0.00	0.00	0.00	0.00	BUSINESS; CLIENT	JOHAN ARNOLDT FONCK	JD	"JOHAN ARNOLDT FONCK", "JD"	1675	1675-1679	1670-1679	UNK	1640	UNK	1640-1680	UNK	UNK	FALSE	UNK		MALE	MALE	MALE-MALE
SB_M_269	0.00	0.00	0.00	0.00	0.00	0.00	0.00	0.00	0.00	0.00	0.00	1.63	0.00	0.00	0.00	BUSINESS; PRINCIPAL	STEVEN DE GEER	JD	"STEVEN DE GEER", "JD"	1676	1675-1679	1670-1679	1629	1640	1600-1640	1640-1680	TRUE	TRUE	FALSE	FALSE	11	MALE	MALE	MALE-MALE
SB_M_27	0.00	0.00	0.00	0.00	0.00	0.00	0.00	0.00	0.00	0.00	0.00	0.00	0.00	0.00	0.00	BUSINESS; AGENT	WILLIAM SKINNER	CM	"WILLIAM SKINNER", "CM"	1668	1665-1669	1660-1669	UNK	1633	UNK	1600-1640	UNK	UNK	FALSE	UNK		MALE	MALE	MALE-MALE
SB_M_271	2.34	0.00	0.00	0.00	0.00	0.00	2.34	0.00	0.00	0.00	0.00	2.34	0.00	0.00	0.00	BUSINESS; AGENT	DAVID VAN BAERLE	LM	"DAVID VAN BAERLE", "LM"	1675	1675-1679	1670-1679	UNK	1637	UNK	1600-1640	UNK	UNK	FALSE	UNK		MALE	FEMALE	MALE-FEMALE
SB_M_272	0.00	0.00	0.00	0.00	0.00	0.00	0.00	0.00	0.00	0.00	0.00	0.00	0.00	2.34	0.00	BUSINESS; AGENT	JEAN & HENDRIK VAN BAERLE	JD	"JEAN & HENDRIK VAN BAERLE", "JD"	1676	1675-1679	1670-1679	MULT	1640	UNK	1640-1680	MULT	MULT	FALSE	UNK		MALE	MALE	MALE-MALE
SB_M_273	0.00	0.00	0.00	0.00	0.00	0.00	0.00	0.00	0.00	0.00	0.00	0.00	0.00	0.00	0.00	BUSINESS; PRINCIPAL	STEVEN DE GEER	JD	"STEVEN DE GEER", "JD"	1676	1675-1679	1670-1679	1629	1640	1600-1640	1640-1680	TRUE	TRUE	FALSE	FALSE	11	MALE	MALE	MALE-MALE
SB_M_274	0.00	0.00	0.00	0.00	0.00	0.00	0.00	0.00	0.00	0.00	0.00	0.00	0.00	0.00	0.00	BUSINESS; CLIENT	PETER CAULIER	JD	"PETER CAULIER", "JD"	1676	1675-1679	1670-1679	UNK	1640	UNK	1640-1680	UNK	UNK	FALSE	UNK		MALE	MALE	MALE-MALE
SB_M_276	1.63	0.00	0.00	0.00	0.00	0.00	1.63	0.00	0.00	0.00	0.00	0.00	0.00	0.00	0.00	BUSINESS; PRINCIPAL	HENDRIK CLETCHER	JD	"HENDRIK CLETCHER", "JD"	1676	1675-1679	1670-1679	1623	1640	1600-1640	1640-1680	TRUE	TRUE	FALSE	FALSE	17	MALE	MALE	MALE-MALE
SB_M_279	0.00	0.00	0.00	0.00	0.00	0.00	0.00	0.00	0.00	0.00	0.00	0.00	0.00	0.00	0.00	BUSINESS; PRINCIPAL	STEVEN DE GEER	JD	"STEVEN DE GEER", "JD"	1676	1675-1679	1670-1679	1629	1640	1600-1640	1640-1680	TRUE	TRUE	FALSE	FALSE	11	MALE	MALE	MALE-MALE
SB_M_28	9.83	0.00	0.00	4.91	0.00	0.00	4.91	0.00	0.00	0.00	0.00	0.00	0.00	0.00	0.00	BUSINESS; CORRESPONDENT	ROBERT OURSEL	CM	"ROBERT OURSEL", "CM"	1668	1665-1669	1660-1669	1634	1633	1600-1640	1600-1640	FALSE	FALSE	FALSE	FALSE	1	MALE	MALE	MALE-MALE
SB_M_281	0.00	0.00	0.00	0.00	0.00	0.00	0.00	0.00	0.00	0.00	0.00	0.00	0.00	0.00	0.00	BUSINESS; CLIENT	CLAUS BENE	JD	"CLAUS BENE", "JD"	1676	1675-1679	1670-1679	UNK	1640	1640-1680	1640-1680	UNK	UNK	FALSE	UNK		MALE	MALE	MALE-MALE
SB_M_283	0.00	0.00	0.00	0.00	0.00	0.00	0.00	0.00	0.00	0.00	0.00	0.00	0.00	0.00	0.00	BUSINESS; PRINCIPAL	WILLEM MOMMA	LM	"WILLEM MOMMA", "LM"	1676	1675-1679	1670-1679	1601	1637	1600-1640	1600-1640	TRUE	TRUE	FALSE	TRUE	36	MALE	FEMALE	MALE-FEMALE
SB_M_284	0.00	0.00	0.00	0.00	0.00	0.00	0.00	0.00	0.00	0.00	0.00	0.00	0.00	0.00	0.00	BUSINESS; AGENT	PHILIP BOTTE	JD	"PHILIP BOTTE", "JD"	1676	1675-1679	1670-1679	UNK	1640	UNK	1640-1680	UNK	UNK	FALSE	UNK		MALE	MALE	MALE-MALE
SB_M_285	0.00	0.00	0.00	0.00	0.00	0.00	0.00	0.00	0.00	0.00	0.00	0.00	0.00	0.00	0.00	BUSINESS; AGENT	GEORGE RICHARDS	JD	"GEORGE RICHARDS", "JD"	1676	1675-1679	1670-1679	UNK	1640	UNK	1640-1680	UNK	UNK	FALSE	UNK		MALE	MALE	MALE-MALE
SB_M_287	0.00	0.00	0.00	0.00	0.00	0.00	0.00	0.00	0.00	0.00	0.00	0.00	0.00	2.34	0.00	BUSINESS; AGENT	DAVID VAN BAERLE	JD	"DAVID VAN BAERLE", "JD"	1676	1675-1679	1670-1679	UNK	1640	UNK	1640-1680	UNK	UNK	FALSE	UNK		MALE	MALE	MALE-MALE
SB_M_289	0.00	0.00	0.00	0.00	0.00	0.00	0.00	0.00	0.00	0.00	2.34	0.00	2.34	0.00	0.00	BUSINESS; AGENT	DAVID VAN BAERLE	JD	"DAVID VAN BAERLE", "JD"	1676	1675-1679	1670-1679	UNK	1640	UNK	1640-1680	UNK	UNK	FALSE	UNK		MALE	MALE	MALE-MALE
SB_M_290	0.00	0.00	0.00	0.00	0.00	0.00	0.00	0.00	0.00	0.00	0.00	0.00	0.00	0.00	0.00	BUSINESS; PRINCIPAL	HENDRIK CLETCHER	JD	"HENDRIK CLETCHER", "JD"	1676	1675-1679	1670-1679	1623	1640	1600-1640	1640-1680	TRUE	TRUE	FALSE	FALSE	17	MALE	MALE	MALE-MALE
SB_M_294	0.00	0.00	0.00	0.00	0.00	0.00	0.00	0.00	0.00	0.00	0.00	0.00	0.00	0.00	0.00	BUSINESS; PRINCIPAL	WILLEM MOMMA	LM	"WILLEM MOMMA", "LM"	1676	1675-1679	1670-1679	1601	1637	1600-1640	1600-1640	TRUE	TRUE	FALSE	TRUE	36	MALE	FEMALE	MALE-FEMALE
SB_M_295	2.34	0.00	0.00	0.00	0.00	0.00	2.34	0.00	0.00	0.00	0.00	0.00	0.00	0.00	0.00	BUSINESS; AGENT	FREDERICK & GODSCHALL	JD	"FREDERICK & GODSCHALL", "JD"	1676	1675-1679	1670-1679	MULT	1640	UNK	1640-1680	MULT	MULT	FALSE	UNK		MALE	MALE	MALE-MALE
SB_M_301	5.49	0.00	0.00	0.00	0.00	1.83	3.66	0.00	0.00	0.00	0.00	0.00	0.00	0.00	0.00	BUSINESS; CLIENT	EGIDIO RULAND	JD	"EGIDIO RULAND", "JD"	1676	1675-1679	1670-1679	UNK	1640	UNK	1640-1680	TRUE	UNK	FALSE	UNK		MALE	MALE	MALE-MALE
SB_M_305	0.00	0.00	0.00	0.00	0.00	0.00	0.00	0.00	0.00	0.00	0.00	0.00	0.00	0.00	0.00	BUSINESS; PRINCIPAL	WILLEM MOMMA	LM	"WILLEM MOMMA", "LM"	1676	1675-1679	1670-1679	1601	1637	1600-1640	1600-1640	TRUE	TRUE	FALSE	TRUE	36	MALE	FEMALE	MALE-FEMALE
SB_M_306	0.00	0.00	0.00	0.00	0.00	0.00	0.00	0.00	0.00	0.00	0.00	0.00	0.00	0.00	0.00	BUSINESS; PRINCIPAL	STEVEN DE GEER	JD	"STEVEN DE GEER", "JD"	1676	1675-1679	1670-1679	1629	1640	1600-1640	1640-1680	TRUE	TRUE	FALSE	FALSE	11	MALE	MALE	MALE-MALE
SB_M_307	1.83	0.00	0.00	0.00	0.00	1.83	0.00	0.00	0.00	0.00	0.00	0.00	0.00	0.00	0.00	BUSINESS; CLIENT	CLAUS BENE	JD	"CLAUS BENE", "JD"	1676	1675-1679	1670-1679	UNK	1640	1640-1680	1640-1680	FALSE	UNK	FALSE	UNK		MALE	MALE	MALE-MALE
SB_M_308	0.00	0.00	0.00	0.00	0.00	0.00	0.00	0.00	0.00	0.00	1.83	0.00	0.00	0.00	0.00	BUSINESS; CLIENT	ANDREAS BERENBERG'S WIDOW	JD	"ANDREAS BERENBERG'S WIDOW", "JD"	1676	1675-1679	1670-1679	1604	1640	1600-1640	1640-1680	UNK	TRUE	FALSE	TRUE	36	MALE	MALE	MALE-MALE
SB_M_309	0.00	0.00	0.00	0.00	0.00	0.00	0.00	0.00	0.00	0.00	0.00	0.00	0.00	0.00	0.00	BUSINESS; AGENT	DAVID VAN BAERLE	JD	"DAVID VAN BAERLE", "JD"	1676	1675-1679	1670-1679	UNK	1640	UNK	1640-1680	UNK	UNK	FALSE	UNK		MALE	MALE	MALE-MALE
SB_M_31	0.00	0.00	0.00	0.00	0.00	0.00	0.00	0.00	0.00	0.00	0.00	0.00	0.00	0.00	0.00	BUSINESS; PRINCIPAL	STEVEN DE GEER	CM	"STEVEN DE GEER", "CM"	1668	1665-1669	1660-1669	1629	1633	1600-1640	1600-1640	TRUE	FALSE	FALSE	FALSE	4	MALE	MALE	MALE-MALE
SB_M_312	22.25	0.00	0.00	0.00	0.00	0.00	22.25	0.00	0.00	0.00	0.00	0.00	0.00	0.00	0.00	FAMILY	TIMOTHY LANNOY & JOHN BURKIN	JD	"TIMOTHY LANNOY & JOHN BURKIN", "JD"	1676	1675-1679	1670-1679	MULT	1640	UNK	1640-1680	MULT	MULT	FALSE	UNK		MALE	MALE	MALE-MALE
SB_M_313	0.00	0.00	0.00	0.00	0.00	0.00	0.00	0.00	0.00	0.00	22.25	0.00	0.00	0.00	0.00	FAMILY	TIMOTHY LANNOY & JOHN BURKIN	JD	"TIMOTHY LANNOY & JOHN BURKIN", "JD"	1676	1675-1679	1670-1679	MULT	1640	UNK	1640-1680	MULT	MULT	FALSE	UNK		MALE	MALE	MALE-MALE
SB_M_313_b	0.00	0.00	0.00	0.00	0.00	0.00	0.00	0.00	0.00	0.00	0.00	0.00	0.00	0.00	0.00	FAMILY	TIMOTHY LANNOY & JOHN BURKIN	JD	"SAMUEL LANNOY", "JD"	1676	1675-1679	1670-1679	MULT	1641	UNK	1640-1681	MULT	MULT	FALSE	UNK		MALE	MALE	MALE-MALE
SB_M_314	0.00	0.00	0.00	0.00	0.00	0.00	0.00	0.00	0.00	0.00	0.00	0.00	0.00	0.00	0.00	BUSINESS; CLIENT	ANDREAS BERENBERG'S WIDOW	JD	"ANDREAS BERENBERG'S WIDOW", "JD"	1676	1675-1679	1670-1679	1604	1640	1600-1640	1640-1680	UNK	TRUE	FALSE	TRUE	36	MALE	MALE	MALE-MALE
SB_M_315	0.00	0.00	0.00	0.00	0.00	0.00	0.00	0.00	0.00	0.00	0.00	0.00	0.00	0.00	0.00	BUSINESS; CLIENT	ANDREAS BERENBERG'S WIDOW	JD	"ANDREAS BERENBERG'S WIDOW", "JD"	1676	1675-1679	1670-1679	1604	1640	1600-1640	1640-1680	TRUE	TRUE	FALSE	TRUE	36	FEMALE	MALE	FEMALE-MALE
SB_M_317	2.34	0.00	0.00	0.00	0.00	2.34	0.00	0.00	0.00	0.00	0.00	0.00	0.00	0.00	0.00	BUSINESS; AGENT	GEORGE RICHARDS	JD	"GEORGE RICHARDS", "JD"	1676	1675-1679	1670-1679	UNK	1640	UNK	1640-1680	UNK	UNK	FALSE	UNK		MALE	MALE	MALE-MALE
SB_M_319	38.49	0.00	0.00	0.00	0.00	12.83	25.66	0.00	0.00	0.00	12.83	0.00	0.00	0.00	0.00	FRIEND	BENJAMIN BEUZELIN & SON	JD	"BENJAMIN BEUZELIN & SON", "JD"	1676	1675-1679	1670-1679	MULT	1640	UNK	1640-1680	MULT	MULT	FALSE	UNK		MALE	MALE	MALE-MALE
SB_M_32	4.89	0.00	0.00	0.00	0.00	1.63	3.26	0.00	0.00	0.00	3.26	1.63	0.00	0.00	0.00	BUSINESS; PRINCIPAL	TAR COMPANY DIRECTORS	CM	"TAR COMPANY DIRECTORS", "CM"	1668	1665-1669	1660-1669	MULT	1633	1600-1640	1600-1640	MULT	MULT	FALSE	UNK		MALE	MALE	MALE-MALE
SB_M_320	0.00	0.00	0.00	0.00	0.00	0.00	0.00	0.00	0.00	0.00	4.89	0.00	0.00	0.00	0.00	BUSINESS; PRINCIPAL	STEVEN DE GEER	JD	"STEVEN DE GEER", "JD"	1676	1675-1679	1670-1679	1629	1640	1600-1640	1640-1680	TRUE	TRUE	FALSE	FALSE	11	MALE	MALE	MALE-MALE
SB_M_321	0.00	0.00	0.00	0.00	0.00	0.00	0.00	0.00	0.00	0.00	0.00	0.00	0.00	0.00	0.00	BUSINESS; AGENT	GEORGE RICHARDS	JD	"GEORGE RICHARDS", "JD"	1676	1675-1679	1670-1679	UNK	1640	UNK	1640-1680	UNK	UNK	FALSE	UNK		MALE	MALE	MALE-MALE
SB_M_325	0.00	0.00	0.00	0.00	0.00	0.00	0.00	0.00	0.00	0.00	2.34	0.00	0.00	2.34	0.00	BUSINESS; AGENT	WILLIAM SKINNER	JD	"WILLIAM SKINNER", "JD"	1676	1675-1679	1670-1679	UNK	1640	UNK	1640-1680	UNK	UNK	FALSE	UNK		MALE	MALE	MALE-MALE
SB_M_327	2.34	0.00	0.00	0.00	0.00	0.00	2.34	0.00	0.00	0.00	0.00	0.00	0.00	2.34	2.34	BUSINESS; AGENT	FREDERICK & GODSCHALL	JD	"FREDERICK & GODSCHALL", "JD"	1676	1675-1679	1670-1679	MULT	1640	UNK	1640-1680	MULT	MULT	FALSE	UNK		MALE	MALE	MALE-MALE
SB_M_328	0.00	0.00	0.00	0.00	0.00	0.00	0.00	0.00	0.00	0.00	2.34	0.00	0.00	0.00	0.00	BUSINESS; AGENT	DAVID VAN BAERLE	JD	"DAVID VAN BAERLE", "JD"	1676	1675-1679	1670-1679	UNK	1640	UNK	1640-1680	UNK	UNK	FALSE	UNK		MALE	MALE	MALE-MALE
SB_M_329	0.00	0.00	0.00	0.00	0.00	0.00	0.00	0.00	0.00	0.00	0.00	0.00	0.00	0.00	0.00	BUSINESS; AGENT	JEAN & HENDRIK VAN BAERLE	JD	"JEAN & HENDRIK VAN BAERLE", "JD"	1677	1675-1679	1670-1679	MULT	1640	UNK	1640-1680	MULT	MULT	FALSE	UNK		MALE	MALE	MALE-MALE
SB_M_33	0.00	0.00	0.00	0.00	0.00	0.00	0.00	0.00	0.00	0.00	0.00	0.00	0.00	0.00	0.00	BUSINESS; PRINCIPAL	TAR COMPANY DIRECTORS	CM	"TAR COMPANY DIRECTORS", "CM"	1668	1665-1669	1660-1669	MULT	1633	1600-1640	1600-1640	MULT	MULT	FALSE	UNK		MALE	MALE	MALE-MALE
SB_M_330	0.00	0.00	0.00	0.00	0.00	0.00	0.00	0.00	0.00	0.00	0.00	0.00	0.00	0.00	0.00	BUSINESS; AGENT	WILLIAM SKINNER	JD	"WILLIAM SKINNER", "JD"	1677	1675-1679	1670-1679	UNK	1640	UNK	1640-1680	UNK	UNK	FALSE	UNK		MALE	MALE	MALE-MALE
SB_M_331	0.00	0.00	0.00	0.00	0.00	0.00	0.00	0.00	0.00	0.00	0.00	0.00	0.00	0.00	0.00	BUSINESS; AGENT	GEORGE RICHARDS	JD	"GEORGE RICHARDS", "JD"	1677	1675-1679	1670-1679	UNK	1640	UNK	1640-1680	UNK	UNK	FALSE	UNK		MALE	MALE	MALE-MALE
SB_M_332	1.83	0.00	0.00	1.83	0.00	0.00	0.00	0.00	0.00	0.00	0.00	1.83	0.00	0.00	0.00	BUSINESS; CLIENT	CLAUS BENE	JD	"CLAUS BENE", "JD"	1677	1675-1679	1670-1679	UNK	1640	1640-1680	1640-1680	UNK	UNK	FALSE	UNK		MALE	MALE	MALE-MALE
SB_M_335	0.00	0.00	0.00	0.00	0.00	0.00	0.00	0.00	0.00	0.00	0.00	0.00	0.00	0.00	0.00	BUSINESS; CLIENT	ANDREAS BERENBERG'S WIDOW	JD	"ANDREAS BERENBERG'S WIDOW", "JD"	1677	1675-1679	1670-1679	1604	1640	1600-1640	1640-1680	TRUE	TRUE	FALSE	TRUE	36	FEMALE	MALE	FEMALE-MALE
SB_M_336	0.00	0.00	0.00	0.00	0.00	0.00	0.00	0.00	0.00	0.00	0.00	0.00	0.00	0.00	0.00	BUSINESS; PRINCIPAL	STEVEN DE GEER	JD	"STEVEN DE GEER", "JD"	1677	1675-1679	1670-1679	1629	1640	1600-1640	1640-1680	TRUE	TRUE	FALSE	FALSE	11	MALE	MALE	MALE-MALE
SB_M_339	0.00	0.00	0.00	0.00	0.00	0.00	0.00	0.00	0.00	0.00	0.00	0.00	0.00	0.00	0.00	BUSINESS; AGENT	DAVID VAN BAERLE	JD	"DAVID VAN BAERLE", "JD"	1677	1675-1679	1670-1679	UNK	1640	UNK	1640-1680	UNK	UNK	FALSE	UNK		MALE	MALE	MALE-MALE
SB_M_34	0.00	0.00	0.00	0.00	0.00	0.00	0.00	0.00	0.00	0.00	0.00	0.00	0.00	0.00	0.00	BUSINESS; CORRESPONDENT	ROBERT OURSEL	CM	"ROBERT OURSEL", "CM"	1668	1665-1669	1660-1669	1634	1633	1600-1640	1600-1640	FALSE	FALSE	FALSE	FALSE	1	MALE	MALE	MALE-MALE
SB_M_340	4.89	0.00	1.63	0.00	0.00	1.63	1.63	0.00	0.00	0.00	3.26	1.63	0.00	0.00	0.00	BUSINESS; PRINCIPAL	THOMAS PERMAN	JD	"THOMAS PERMAN", "JD"	1677	1675-1679	1670-1679	UNK	1640	UNK	1640-1680	UNK	UNK	FALSE	UNK		MALE	MALE	MALE-MALE
SB_M_344	0.00	0.00	0.00	0.00	0.00	0.00	0.00	0.00	0.00	0.00	0.00	0.00	0.00	0.00	0.00	FRIEND	BENJAMIN BEUZELIN & SON	JD	"BENJAMIN BEUZELIN & SON", "JD"	1677	1675-1679	1670-1679	MULT	1640	UNK	1640-1680	MULT	MULT	FALSE	UNK		MALE	MALE	MALE-MALE
SB_M_346	0.00	0.00	0.00	0.00	0.00	0.00	0.00	0.00	0.00	0.00	0.00	0.00	0.00	0.00	0.00	BUSINESS; PRINCIPAL	HENDRIK CLETCHER	JD	"HENDRIK CLETCHER", "JD"	1677	1675-1679	1670-1679	1623	1640	1600-1640	1640-1680	TRUE	TRUE	FALSE	FALSE	17	MALE	MALE	MALE-MALE
SB_M_347	2.34	0.00	2.34	0.00	0.00	0.00	0.00	0.00	0.00	0.00	2.34	0.00	0.00	0.00	0.00	BUSINESS; AGENT	PHILIP BOTTE	JD	"PHILIP BOTTE", "JD"	1677	1675-1679	1670-1679	UNK	1640	UNK	1640-1680	UNK	UNK	FALSE	UNK		MALE	MALE	MALE-MALE
SB_M_35	0.00	0.00	0.00	0.00	0.00	0.00	0.00	0.00	0.00	0.00	0.00	0.00	0.00	0.00	0.00	BUSINESS; PRINCIPAL	JOHN BARCKMAN LEYONBERGH	CM	"JOHN BARCKMAN LEYONBERGH", "CM"	1668	1665-1669	1660-1669	1625	1633	1600-1640	1600-1640	TRUE	TRUE	FALSE	FALSE	8	MALE	MALE	MALE-MALE
SB_M_350	0.00	0.00	0.00	0.00	0.00	0.00	0.00	0.00	0.00	0.00	0.00	0.00	0.00	0.00	0.00	BUSINESS; AGENT	GEORGE RICHARDS	JD	"GEORGE RICHARDS", "JD"	1677	1675-1679	1670-1679	UNK	1640	UNK	1640-1680	UNK	UNK	FALSE	UNK		MALE	MALE	MALE-MALE
SB_M_352	0.00	0.00	0.00	0.00	0.00	0.00	0.00	0.00	0.00	0.00	0.00	0.00	0.00	0.00	0.00	BUSINESS; AGENT	JEAN & HENDRIK VAN BAERLE	JD	"JEAN & HENDRIK VAN BAERLE", "JD"	1677	1675-1679	1670-1679	MULT	1640	UNK	1640-1680	MULT	MULT	FALSE	UNK		MALE	MALE	MALE-MALE
SB_M_353	0.00	0.00	0.00	0.00	0.00	0.00	0.00	0.00	0.00	0.00	0.00	0.00	0.00	0.00	0.00	BUSINESS; PRINCIPAL	WILLEM MOMMA	JD	"WILLEM MOMMA", "JD"	1677	1675-1679	1670-1679	1601	1640	1600-1640	1640-1680	TRUE	TRUE	FALSE	TRUE	39	MALE	MALE	MALE-MALE
SB_M_358	0.00	0.00	0.00	0.00	0.00	0.00	0.00	0.00	0.00	0.00	0.00	0.00	0.00	0.00	0.00	BUSINESS; PRINCIPAL	STEVEN DE GEER	JD	"STEVEN DE GEER", "JD"	1677	1675-1679	1670-1679	1629	1640	1600-1640	1640-1680	TRUE	TRUE	FALSE	FALSE	11	MALE	MALE	MALE-MALE
SB_M_36	0.00	0.00	0.00	0.00	0.00	0.00	0.00	0.00	0.00	0.00	0.00	0.00	0.00	0.00	0.00	BUSINESS; PRINCIPAL	JAN VAN SAVELANT	CM	"JAN VAN SAVELANT", "CM"	1668	1665-1669	1660-1669	1603	1633	1600-1640	1600-1640	TRUE	TRUE	FALSE	TRUE	30	MALE	MALE	MALE-MALE
SB_M_360	0.00	0.00	0.00	0.00	0.00	0.00	0.00	0.00	0.00	0.00	0.00	0.00	0.00	0.00	0.00	BUSINESS; PRINCIPAL	LOUIS TRIP	JD	"LOUIS TRIP", "JD"	1677	1675-1679	1670-1679	1654	1640	1640-1680	1640-1680	TRUE	TRUE	FALSE	TRUE	35	MALE	MALE	MALE-MALE
SB_M_361	0.00	0.00	0.00	0.00	0.00	0.00	0.00	0.00	0.00	0.00	0.00	0.00	0.00	0.00	0.00	BUSINESS; AGENT	PHILIP BOTTE	JD	"PHILIP BOTTE", "JD"	1677	1675-1679	1670-1679	UNK	1640	UNK	1640-1680	UNK	UNK	FALSE	UNK		MALE	MALE	MALE-MALE
SB_M_362	1.83	0.00	0.00	0.00	0.00	1.83	0.00	0.00	0.00	0.00	0.00	0.00	0.00	0.00	0.00	BUSINESS; CLIENT	ARNOLD RULAND	JD	"ARNOLD RULAND", "JD"	1677	1675-1679	1670-1679	UNK	1640	UNK	1640-1680	UNK	UNK	FALSE	UNK		MALE	MALE	MALE-MALE
SB_M_364	12.83	0.00	0.00	0.00	0.00	0.00	0.00	0.00	12.83	0.00	12.83	0.00	0.00	0.00	0.00	FRIEND	BENJAMIN BEUZELIN & SON	JD	"BENJAMIN BEUZELIN & SON", "JD"	1677	1675-1679	1670-1679	MULT	1640	UNK	1640-1680	MULT	MULT	FALSE	UNK		MALE	MALE	MALE-MALE
SB_M_366	0.00	0.00	0.00	0.00	0.00	0.00	0.00	0.00	0.00	0.00	0.00	0.00	0.00	0.00	0.00	BUSINESS; AGENT	DAVID VAN BAERLE	JD	"DAVID VAN BAERLE", "JD"			1670-1679	UNK	1640	UNK	1640-1680	UNK	UNK	FALSE	UNK		MALE	MALE	MALE-MALE
SB_M_367	0.00	0.00	0.00	0.00	0.00	0.00	0.00	0.00	0.00	0.00	0.00	0.00	0.00	0.00	0.00	BUSINESS; AGENT	PHILIP BOTTE	JD	"PHILIP BOTTE", "JD"	1677	1675-1679	1670-1679	UNK	1640	UNK	1640-1680	UNK	UNK	FALSE	UNK		MALE	MALE	MALE-MALE
SB_M_369	0.00	0.00	0.00	0.00	0.00	0.00	0.00	0.00	0.00	0.00	0.00	0.00	0.00	0.00	0.00	BUSINESS; AGENT	PIETRO VAN TEYLINGEN & CO	JD	"PIETRO VAN TEYLINGEN & CO", "JD"			1670-1679	UNK	1640	UNK	1640-1680	UNK	UNK	FALSE	UNK		MALE	MALE	MALE-MALE
SB_M_370	0.00	0.00	0.00	0.00	0.00	0.00	0.00	0.00	0.00	0.00	0.00	0.00	0.00	0.00	0.00	BUSINESS; CLIENT	ARNOLD RULAND	JD	"ARNOLD RULAND", "JD"	1677	1675-1679	1670-1679	UNK	1640	UNK	1640-1680	UNK	UNK	FALSE	UNK		MALE	MALE	MALE-MALE
SB_M_371	0.00	0.00	0.00	0.00	0.00	0.00	0.00	0.00	0.00	0.00	0.00	0.00	0.00	0.00	0.00	BUSINESS; CLIENT	EGIDIO RULAND	JD	"EGIDIO RULAND", "JD"	1677	1675-1679	1670-1679	UNK	1640	UNK	1640-1680	UNK	UNK	FALSE	UNK		MALE	MALE	MALE-MALE
SB_M_372	0.00	0.00	0.00	0.00	0.00	0.00	0.00	0.00	0.00	0.00	0.00	0.00	0.00	0.00	0.00	FRIEND	BENJAMIN BEUZELIN & SON	JD	"BENJAMIN BEUZELIN & SON", "JD"	1677	1675-1679	1670-1679	MULT	1640	UNK	1640-1680	MULT	MULT	FALSE	UNK		MALE	MALE	MALE-MALE
SB_M_375	0.00	0.00	0.00	0.00	0.00	0.00	0.00	0.00	0.00	0.00	0.00	0.00	0.00	0.00	0.00	BUSINESS; AGENT	GEORGE RICHARDS	JD	"GEORGE RICHARDS", "JD"	1677	1675-1679	1670-1679	UNK	1640	UNK	1640-1680	UNK	UNK	FALSE	UNK		MALE	MALE	MALE-MALE
SB_M_376	0.00	0.00	0.00	0.00	0.00	0.00	0.00	0.00	0.00	0.00	0.00	0.00	0.00	0.00	0.00	BUSINESS; AGENT	PHILIP BOTTE	JD	"PHILIP BOTTE", "JD"	1677	1675-1679	1670-1679	UNK	1640	UNK	1640-1680	UNK	UNK	FALSE	UNK		MALE	MALE	MALE-MALE
SB_M_378	1.83	0.00	0.00	0.00	0.00	1.83	0.00	0.00	0.00	0.00	0.00	1.83	0.00	0.00	0.00	BUSINESS; CLIENT	CLAUS BENE	JD	"CLAUS BENE", "JD"	1677	1675-1679	1670-1679	UNK	1640	1640-1680	1640-1680	UNK	UNK	FALSE	UNK		MALE	MALE	MALE-MALE
SB_M_381	1.83	0.00	0.00	0.00	0.00	0.00	1.83	0.00	0.00	0.00	0.00	1.83	0.00	0.00	0.00	BUSINESS; CLIENT	JOHAN ARNOLDT FONCK	JD	"JOHAN ARNOLDT FONCK", "JD"	1678	1675-1679	1670-1679	UNK	1640	UNK	1640-1680	UNK	UNK	FALSE	UNK		MALE	MALE	MALE-MALE
SB_M_382	0.00	0.00	0.00	0.00	0.00	0.00	0.00	0.00	0.00	0.00	0.00	0.00	0.00	0.00	0.00	BUSINESS; CLIENT	ARNOLD RULAND	JD	"ARNOLD RULAND", "JD"	1678	1675-1679	1670-1679	UNK	1640	UNK	1640-1680	UNK	UNK	FALSE	UNK		MALE	MALE	MALE-MALE
SB_M_383	2.34	0.00	0.00	0.00	0.00	0.00	2.34	0.00	0.00	0.00	2.34	0.00	0.00	0.00	0.00	BUSINESS; AGENT	GEORGE RICHARDS	JD	"GEORGE RICHARDS", "JD"	1678	1675-1679	1670-1679	UNK	1640	UNK	1640-1680	UNK	UNK	FALSE	UNK		MALE	MALE	MALE-MALE
SB_M_385	0.00	0.00	0.00	0.00	0.00	0.00	0.00	0.00	0.00	0.00	0.00	0.00	0.00	0.00	0.00	BUSINESS; AGENT	JEAN & HENDRIK VAN BAERLE	JD	"JEAN & HENDRIK VAN BAERLE", "JD"	1678	1675-1679	1670-1679	MULT	1640	UNK	1640-1680	MULT	MULT	FALSE	UNK		MALE	MALE	MALE-MALE
SB_M_386	0.00	0.00	0.00	0.00	0.00	0.00	0.00	0.00	0.00	0.00	0.00	0.00	0.00	0.00	0.00	BUSINESS; CLIENT	PETER CAULIER	JD	"PETER CAULIER", "JD"	1678	1675-1679	1670-1679	UNK	1640	UNK	1640-1680	UNK	UNK	FALSE	UNK		MALE	MALE	MALE-MALE
SB_M_387	7.01	0.00	2.34	2.34	0.00	2.34	0.00	0.00	0.00	0.00	0.00	2.34	0.00	0.00	4.68	BUSINESS; AGENT	PHILIP BOTTE	JD	"PHILIP BOTTE", "JD"	1678	1675-1679	1670-1679	UNK	1640	UNK	1640-1680	UNK	UNK	FALSE	UNK		MALE	MALE	MALE-MALE
SB_M_39	0.00	0.00	0.00	0.00	0.00	0.00	0.00	0.00	0.00	0.00	0.00	0.00	0.00	0.00	0.00	BUSINESS; PRINCIPAL	JOHN BARCKMAN LEYONBERGH	CM	"JOHN BARCKMAN LEYONBERGH", "CM"	1668	1665-1669	1660-1669	1625	1633	1600-1640	1600-1640	TRUE	TRUE	FALSE	FALSE	8	MALE	MALE	MALE-MALE
SB_M_390	1.83	0.00	0.00	0.00	0.00	1.83	0.00	0.00	0.00	0.00	1.83	0.00	0.00	0.00	0.00	BUSINESS; CLIENT	EGIDIO RULAND	JD	"EGIDIO RULAND", "JD"	1678	1675-1679	1670-1679	UNK	1640	UNK	1640-1680	UNK	UNK	FALSE	UNK		MALE	MALE	MALE-MALE
SB_M_393	0.00	0.00	0.00	0.00	0.00	0.00	0.00	0.00	0.00	0.00	0.00	0.00	0.00	0.00	0.00	BUSINESS; PRINCIPAL	THOMAS PERMAN	JD	"THOMAS PERMAN", "JD"	1678	1675-1679	1670-1679	UNK	1640	UNK	1640-1680	UNK	UNK	FALSE	UNK		MALE	MALE	MALE-MALE
SB_M_394	0.00	0.00	0.00	0.00	0.00	0.00	0.00	0.00	0.00	0.00	0.00	0.00	0.00	0.00	0.00	BUSINESS; PRINCIPAL	STEVEN DE GEER	JD	"STEVEN DE GEER", "JD"	1678	1675-1679	1670-1679	1629	1640	1600-1640	1640-1680	TRUE	TRUE	FALSE	FALSE	11	MALE	MALE	MALE-MALE
SB_M_395	2.34	0.00	0.00	0.00	0.00	0.00	2.34	0.00	0.00	0.00	0.00	0.00	0.00	2.34	0.00	BUSINESS; AGENT	JEAN & HENDRIK VAN BAERLE	JD	"JEAN & HENDRIK VAN BAERLE", "JD"	1678	1675-1679	1670-1679	MULT	1640	UNK	1640-1680	MULT	MULT	FALSE	UNK		MALE	MALE	MALE-MALE
SB_M_398	3.66	0.00	0.00	0.00	0.00	1.83	1.83	0.00	0.00	0.00	0.00	1.83	0.00	1.83	0.00	BUSINESS; CLIENT	CLAUS BENE	JD	"CLAUS BENE", "JD"	1678	1675-1679	1670-1679	UNK	1640	1640-1680	1640-1680	UNK	UNK	FALSE	UNK		MALE	MALE	MALE-MALE
SB_M_399	0.00	0.00	0.00	0.00	0.00	0.00	0.00	0.00	0.00	0.00	0.00	0.00	0.00	0.00	0.00	BUSINESS; AGENT	JEAN & HENDRIK VAN BAERLE	JD	"JEAN & HENDRIK VAN BAERLE", "JD"	1678	1675-1679	1670-1679	MULT	1640	UNK	1640-1680	MULT	MULT	FALSE	UNK		MALE	MALE	MALE-MALE
SB_M_4	1.83	0.00	0.00	0.00	0.00	0.00	1.83	0.00	0.00	0.00	1.83	0.00	0.00	0.00	0.00	BUSINESS; CLIENT	ANDREAS BERENBERG'S WIDOW	CM	"ANDREAS BERENBERG'S WIDOW", "CM"	1668	1665-1669	1660-1669	1604	1633	1600-1640	1600-1640	TRUE	TRUE	FALSE	TRUE	29	FEMALE	MALE	FEMALE-MALE
SB_M_40	0.00	0.00	0.00	0.00	0.00	0.00	0.00	0.00	0.00	0.00	0.00	0.00	0.00	0.00	0.00	BUSINESS; PRINCIPAL	JOHN BARCKMAN LEYONBERGH	CM	"JOHN BARCKMAN LEYONBERGH", "CM"	1668	1665-1669	1660-1669	1625	1633	1600-1640	1600-1640	TRUE	TRUE	FALSE	FALSE	8	MALE	MALE	MALE-MALE
SB_M_400	2.34	0.00	0.00	0.00	0.00	0.00	2.34	0.00	0.00	0.00	2.34	0.00	0.00	0.00	0.00	BUSINESS; AGENT	WILLIAM SKINNER	JD	"WILLIAM SKINNER", "JD"	1678	1675-1679	1670-1679	UNK	1640	UNK	1640-1680	UNK	UNK	FALSE	UNK		MALE	MALE	MALE-MALE
SB_M_402	0.00	0.00	0.00	0.00	0.00	0.00	0.00	0.00	0.00	0.00	0.00	0.00	0.00	0.00	0.00	BUSINESS; AGENT	DAVID VAN BAERLE	JD	"DAVID VAN BAERLE", "JD"	1678	1675-1679	1670-1679	UNK	1640	UNK	1640-1680	UNK	UNK	FALSE	UNK		MALE	MALE	MALE-MALE
SB_M_403	2.34	0.00	0.00	0.00	0.00	0.00	2.34	0.00	0.00	0.00	2.34	0.00	0.00	0.00	0.00	BUSINESS; AGENT	GEORGE RICHARDS	JD	"GEORGE RICHARDS", "JD"	1678	1675-1679	1670-1679	UNK	1640	UNK	1640-1680	UNK	UNK	FALSE	UNK		MALE	MALE	MALE-MALE
SB_M_404	12.83	0.00	12.83	0.00	0.00	0.00	0.00	0.00	0.00	0.00	0.00	12.83	0.00	0.00	0.00	FRIEND	BENJAMIN BEUZELIN & SON	JD	"BENJAMIN BEUZELIN & SON", "JD"	1678	1675-1679	1670-1679	MULT	1640	UNK	1640-1680	MULT	MULT	FALSE	UNK		MALE	MALE	MALE-MALE
SB_M_41	0.00	0.00	0.00	0.00	0.00	0.00	0.00	0.00	0.00	0.00	0.00	0.00	0.00	0.00	0.00	BUSINESS; PRINCIPAL	JOHN BARCKMAN LEYONBERGH	CM	"JOHN BARCKMAN LEYONBERGH", "CM"	1668	1665-1669	1660-1669	1625	1633	1600-1640	1600-1640	TRUE	TRUE	FALSE	FALSE	8	MALE	MALE	MALE-MALE
SB_M_410	1.83	0.00	0.00	0.00	0.00	0.00	1.83	0.00	0.00	0.00	0.00	0.00	0.00	1.83	0.00	BUSINESS; CLIENT	ANDREAS BERENBERG'S WIDOW	JD	"ANDREAS BERENBERG'S WIDOW", "JD"	1678	1675-1679	1670-1679	1604	1640	1600-1640	1640-1680	TRUE	TRUE	FALSE	TRUE	36	FEMALE	MALE	FEMALE-MALE
SB_M_411	0.00	0.00	0.00	0.00	0.00	0.00	0.00	0.00	0.00	0.00	0.00	0.00	0.00	0.00	0.00	BUSINESS; CLIENT	CLAUS BENE	JD	"CLAUS BENE", "JD"	1678	1675-1679	1670-1679	UNK	1640	1640-1680	1640-1680	UNK	UNK	FALSE	UNK		MALE	MALE	MALE-MALE
SB_M_412	0.00	0.00	0.00	0.00	0.00	0.00	0.00	0.00	0.00	0.00	0.00	0.00	0.00	0.00	0.00	BUSINESS; AGENT	JEAN & HENDRIK VAN BAERLE	JD	"JEAN & HENDRIK VAN BAERLE", "JD"	1678	1675-1679	1670-1679	MULT	1640	UNK	1640-1680	MULT	MULT	FALSE	UNK		MALE	MALE	MALE-MALE
SB_M_414	0.00	0.00	0.00	0.00	0.00	0.00	0.00	0.00	0.00	0.00	0.00	0.00	0.00	0.00	0.00	BUSINESS; AGENT	WILLIAM SKINNER	JD	"WILLIAM SKINNER", "JD"	1678	1675-1679	1670-1679	UNK	1640	UNK	1640-1680	UNK	UNK	FALSE	UNK		MALE	MALE	MALE-MALE
SB_M_417	0.00	0.00	0.00	0.00	0.00	0.00	0.00	0.00	0.00	0.00	0.00	0.00	0.00	0.00	0.00	FRIEND	BENJAMIN BEUZELIN & SON	JD	"BENJAMIN BEUZELIN & SON", "JD"	1678	1675-1679	1670-1679	MULT	1640	UNK	1640-1680	MULT	MULT	FALSE	UNK		MALE	MALE	MALE-MALE
SB_M_418	4.68	0.00	0.00	2.34	0.00	0.00	2.34	0.00	0.00	0.00	2.34	2.34	0.00	0.00	0.00	BUSINESS; AGENT	PHILIP BOTTE	JD	"PHILIP BOTTE", "JD"	1678	1675-1679	1670-1679	UNK	1640	UNK	1640-1680	UNK	UNK	FALSE	UNK		MALE	MALE	MALE-MALE
SB_M_419	12.83	0.00	12.83	0.00	0.00	0.00	0.00	0.00	0.00	0.00	0.00	0.00	0.00	12.83	0.00	FRIEND	BENJAMIN BEUZELIN & SON	JD	"BENJAMIN BEUZELIN & SON", "JD"	1678	1675-1679	1670-1679	MULT	1640	UNK	1640-1680	MULT	MULT	FALSE	UNK		MALE	MALE	MALE-MALE
SB_M_42	0.00	0.00	0.00	0.00	0.00	0.00	0.00	0.00	0.00	0.00	0.00	0.00	0.00	0.00	0.00	BUSINESS; PRINCIPAL	JOHN BARCKMAN LEYONBERGH	CM	"JOHN BARCKMAN LEYONBERGH", "CM"			1660-1669	1625	1633	1600-1640	1600-1640	TRUE	TRUE	FALSE	FALSE	8	MALE	MALE	MALE-MALE
SB_M_423	0.00	0.00	0.00	0.00	0.00	0.00	0.00	0.00	0.00	0.00	0.00	0.00	0.00	0.00	0.00	BUSINESS; CLIENT	JOHAN ARNOLDT FONCK	JD	"JOHAN ARNOLDT FONCK", "JD"	1678	1675-1679	1670-1679	UNK	1640	UNK	1640-1680	UNK	UNK	FALSE	UNK		MALE	MALE	MALE-MALE
SB_M_424	0.00	0.00	0.00	0.00	0.00	0.00	0.00	0.00	0.00	0.00	0.00	0.00	0.00	0.00	0.00	BUSINESS; PRINCIPAL	WILLEM MOMMA	JD	"WILLEM MOMMA", "JD"	1678	1675-1679	1670-1679	1601	1640	1600-1640	1640-1680	TRUE	TRUE	FALSE	TRUE	39	MALE	MALE	MALE-MALE
SB_M_425	0.00	0.00	0.00	0.00	0.00	0.00	0.00	0.00	0.00	0.00	0.00	0.00	0.00	0.00	0.00	BUSINESS; PRINCIPAL	THOMAS PERMAN	JD	"THOMAS PERMAN", "JD"	1678	1675-1679	1670-1679	UNK	1640	UNK	1640-1680	UNK	UNK	FALSE	UNK		MALE	MALE	MALE-MALE
SB_M_427	0.00	0.00	0.00	0.00	0.00	0.00	0.00	0.00	0.00	0.00	0.00	0.00	0.00	0.00	0.00	BUSINESS; PRINCIPAL	STEVEN DE GEER	JD	"STEVEN DE GEER", "JD"	1678	1675-1679	1670-1679	1629	1640	1600-1640	1640-1680	TRUE	TRUE	FALSE	FALSE	11	MALE	MALE	MALE-MALE
SB_M_43	0.00	0.00	0.00	0.00	0.00	0.00	0.00	0.00	0.00	0.00	0.00	0.00	0.00	0.00	0.00	BUSINESS; PRINCIPAL	JOHN BARCKMAN LEYONBERGH	CM	"JOHN BARCKMAN LEYONBERGH", "CM"	1668	1665-1669	1660-1669	1625	1633	1600-1640	1600-1640	TRUE	TRUE	FALSE	FALSE	8	MALE	MALE	MALE-MALE
SB_M_430	0.00	0.00	0.00	0.00	0.00	0.00	0.00	0.00	0.00	0.00	0.00	0.00	0.00	0.00	0.00	FRIEND	BENJAMIN BEUZELIN & SON	JD	"BENJAMIN BEUZELIN & SON", "JD"	1678	1675-1679	1670-1679	MULT	1640	UNK	1640-1680	MULT	MULT	FALSE	UNK		MALE	MALE	MALE-MALE
SB_M_431	0.00	0.00	0.00	0.00	0.00	0.00	0.00	0.00	0.00	0.00	0.00	0.00	0.00	0.00	0.00	BUSINESS; CLIENT	CLAUS BENE	JD	"CLAUS BENE", "JD"	1679	1675-1679	1670-1679	UNK	1640	1640-1680	1640-1680	UNK	UNK	FALSE	UNK		MALE	MALE	MALE-MALE
SB_M_432	12.83	0.00	0.00	0.00	0.00	0.00	0.00	12.83	0.00	0.00	0.00	12.83	0.00	0.00	0.00	FRIEND	BENJAMIN BEUZELIN & SON	JD	"BENJAMIN BEUZELIN & SON", "JD"	1679	1675-1679	1670-1679	MULT	1640	UNK	1640-1680	MULT	MULT	FALSE	UNK		MALE	MALE	MALE-MALE
SB_M_433	0.00	0.00	0.00	0.00	0.00	0.00	0.00	0.00	0.00	0.00	0.00	0.00	0.00	0.00	0.00	BUSINESS; PRINCIPAL	WILLEM MOMMA	JD	"WILLEM MOMMA", "JD"	1678	1675-1679	1670-1679	1601	1640	1600-1640	1640-1680	TRUE	TRUE	FALSE	TRUE	39	MALE	MALE	MALE-MALE
SB_M_434	0.00	0.00	0.00	0.00	0.00	0.00	0.00	0.00	0.00	0.00	0.00	0.00	0.00	0.00	0.00	BUSINESS; PRINCIPAL	WILLEM MOMMA	JD	"WILLEM MOMMA", "JD"	1678	1675-1679	1670-1679	1601	1640	1600-1640	1640-1680	TRUE	TRUE	FALSE	TRUE	39	MALE	MALE	MALE-MALE
SB_M_435	0.00	0.00	0.00	0.00	0.00	0.00	0.00	0.00	0.00	0.00	0.00	0.00	0.00	0.00	0.00	BUSINESS; AGENT	JEAN & HENDRIK VAN BAERLE	JD	"JEAN & HENDRIK VAN BAERLE", "JD"	1679	1675-1679	1670-1679	MULT	1640	UNK	1640-1680	MULT	MULT	FALSE	UNK		MALE	MALE	MALE-MALE
SB_M_437	0.00	0.00	0.00	0.00	0.00	0.00	0.00	0.00	0.00	0.00	0.00	0.00	0.00	0.00	0.00	BUSINESS; AGENT	GEORGE RICHARDS	JD	"GEORGE RICHARDS", "JD"	1679	1675-1679	1670-1679	UNK	1640	UNK	1640-1680	UNK	UNK	FALSE	UNK		MALE	MALE	MALE-MALE
SB_M_44	0.00	0.00	0.00	0.00	0.00	0.00	0.00	0.00	0.00	0.00	0.00	0.00	0.00	0.00	0.00	BUSINESS; PRINCIPAL	JOHN BARCKMAN LEYONBERGH	CM	"JOHN BARCKMAN LEYONBERGH", "CM"	1668	1665-1669	1660-1669	1625	1633	1600-1640	1600-1640	TRUE	TRUE	FALSE	FALSE	8	MALE	MALE	MALE-MALE
SB_M_445	0.00	0.00	0.00	0.00	0.00	0.00	0.00	0.00	0.00	0.00	0.00	0.00	0.00	0.00	0.00	BUSINESS; PRINCIPAL	THOMAS PERMAN	JD	"THOMAS PERMAN", "JD"	1679	1675-1679	1670-1679	UNK	1640	UNK	1640-1680	UNK	UNK	FALSE	UNK		MALE	MALE	MALE-MALE
SB_M_446	12.83	0.00	12.83	0.00	0.00	0.00	0.00	0.00	0.00	0.00	12.83	0.00	0.00	0.00	0.00	FRIEND	BENJAMIN BEUZELIN & SON	JD	"BENJAMIN BEUZELIN & SON", "JD"	1679	1675-1679	1670-1679	MULT	1640	UNK	1640-1680	MULT	MULT	FALSE	UNK		MALE	MALE	MALE-MALE
SB_M_448	1.63	0.00	0.00	0.00	0.00	0.00	1.63	0.00	0.00	0.00	0.00	1.63	0.00	0.00	0.00	BUSINESS; PRINCIPAL	THOMAS PERMAN	JD	"THOMAS PERMAN", "JD"	1679	1675-1679	1670-1679	UNK	1640	UNK	1640-1680	UNK	UNK	FALSE	UNK		MALE	MALE	MALE-MALE
SB_M_45	0.00	0.00	0.00	0.00	0.00	0.00	0.00	0.00	0.00	0.00	0.00	0.00	0.00	0.00	0.00	BUSINESS; PRINCIPAL	JAN VAN SAVELANT	CM	"JAN VAN SAVELANT", "CM"	1668	1665-1669	1660-1669	1603	1633	1600-1640	1600-1640	TRUE	TRUE	FALSE	TRUE	30	MALE	MALE	MALE-MALE
SB_M_450	0.00	0.00	0.00	0.00	0.00	0.00	0.00	0.00	0.00	0.00	0.00	0.00	0.00	0.00	0.00	BUSINESS; CLIENT	ABRAHAM WOLTERS	JD	"ABRAHAM WOLTERS", "JD"	1679	1675-1679	1670-1679	1649	1640	1640-1680	1640-1680	FALSE	FALSE	FALSE	FALSE	9	MALE	MALE	MALE-MALE
SB_M_453	1.83	0.00	0.00	0.00	0.00	0.00	1.83	0.00	0.00	0.00	1.83	0.00	0.00	0.00	0.00	BUSINESS; CLIENT	CLAUS BENE	JD	"CLAUS BENE", "JD"	1679	1675-1679	1670-1679	UNK	1640	1640-1680	1640-1680	UNK	UNK	FALSE	UNK		MALE	MALE	MALE-MALE
SB_M_458	2.34	0.00	0.00	0.00	0.00	0.00	2.34	0.00	0.00	0.00	2.34	0.00	0.00	0.00	0.00	BUSINESS; AGENT	GEORGE RICHARDS	JD	"GEORGE RICHARDS", "JD"	1679	1675-1679	1670-1679	UNK	1640	UNK	1640-1680	UNK	UNK	FALSE	UNK		MALE	MALE	MALE-MALE
SB_M_460	0.00	0.00	0.00	0.00	0.00	0.00	0.00	0.00	0.00	0.00	0.00	0.00	0.00	0.00	0.00	BUSINESS; CLIENT	ABRAHAM WOLTERS	JD	"ABRAHAM WOLTERS", "JD"	1679	1675-1679	1670-1679	1649	1640	1640-1680	1640-1680	FALSE	FALSE	FALSE	FALSE	9	MALE	MALE	MALE-MALE
SB_M_461	1.83	0.00	0.00	0.00	0.00	0.00	1.83	0.00	0.00	0.00	1.83	0.00	0.00	0.00	0.00	BUSINESS; CLIENT	ABRAHAM WOLTERS	JD	"ABRAHAM WOLTERS", "JD"	1679	1675-1679	1670-1679	1649	1640	1640-1680	1640-1680	FALSE	FALSE	FALSE	FALSE	9	MALE	MALE	MALE-MALE
SB_M_464	3.66	0.00	0.00	0.00	0.00	0.00	1.83	0.00	0.00	1.83	1.83	0.00	0.00	1.83	0.00	BUSINESS; CLIENT	CLAUS BENE	JD	"CLAUS BENE", "JD"	1679	1675-1679	1670-1679	UNK	1640	1640-1680	1640-1680	UNK	UNK	FALSE	UNK		MALE	MALE	MALE-MALE
SB_M_466	2.34	0.00	0.00	0.00	0.00	0.00	2.34	0.00	0.00	0.00	2.34	0.00	0.00	0.00	0.00	BUSINESS; AGENT	GEORGE RICHARDS	JD	"GEORGE RICHARDS", "JD"	1679	1675-1679	1670-1679	UNK	1640	UNK	1640-1680	UNK	UNK	FALSE	UNK		MALE	MALE	MALE-MALE
SB_M_467	0.00	0.00	0.00	0.00	0.00	0.00	0.00	0.00	0.00	0.00	0.00	0.00	0.00	0.00	0.00	BUSINESS; PRINCIPAL	STEVEN DE GEER	JD	"STEVEN DE GEER", "JD"	1679	1675-1679	1670-1679	1629	1640	1600-1640	1640-1680	TRUE	TRUE	FALSE	FALSE	11	MALE	MALE	MALE-MALE
SB_M_468	1.83	0.00	0.00	0.00	0.00	0.00	0.00	0.00	1.83	0.00	1.83	0.00	0.00	0.00	0.00	BUSINESS; CLIENT	ABRAHAM WOLTERS	JD	"ABRAHAM WOLTERS", "JD"	1679	1675-1679	1670-1679	1649	1640	1640-1680	1640-1680	FALSE	FALSE	FALSE	FALSE	9	MALE	MALE	MALE-MALE
SB_M_469	0.00	0.00	0.00	0.00	0.00	0.00	0.00	0.00	0.00	0.00	0.00	0.00	0.00	0.00	0.00	BUSINESS; PRINCIPAL	LOUIS TRIP	JD	"LOUIS TRIP", "JD"	1679	1675-1679	1670-1679	1654	1640	1640-1680	1640-1680	TRUE	TRUE	FALSE	TRUE	35	MALE	MALE	MALE-MALE
SB_M_471	2.34	0.00	0.00	0.00	0.00	0.00	2.34	0.00	0.00	0.00	2.34	0.00	0.00	0.00	0.00	BUSINESS; AGENT	GEORGE RICHARDS	JD	"GEORGE RICHARDS", "JD"	1679	1675-1679	1670-1679	UNK	1640	UNK	1640-1680	UNK	UNK	FALSE	UNK		MALE	MALE	MALE-MALE
SB_M_475	0.00	0.00	0.00	0.00	0.00	0.00	0.00	0.00	0.00	0.00	0.00	0.00	0.00	0.00	0.00	BUSINESS; CLIENT	CLAUS BENE	JD	"CLAUS BENE", "JD"	1680	1680-1685	1680-1689	UNK	1640	1640-1680	1640-1680	UNK	UNK	TRUE	UNK		MALE	MALE	MALE-MALE
SB_M_476	1.63	0.00	0.00	0.00	0.00	1.63	0.00	0.00	0.00	0.00	0.00	0.00	1.63	0.00	0.00	BUSINESS; PRINCIPAL	STEVEN DE GEER	JD	"STEVEN DE GEER", "JD"	1680	1680-1685	1680-1689	1629	1640	1600-1640	1640-1680	TRUE	TRUE	TRUE	FALSE	11	MALE	MALE	MALE-MALE
SB_M_478	0.00	0.00	0.00	0.00	0.00	0.00	0.00	0.00	0.00	0.00	0.00	0.00	0.00	0.00	0.00	BUSINESS; AGENT	GEORGE RICHARDS	JD	"GEORGE RICHARDS", "JD"	1680	1680-1685	1680-1689	UNK	1640	UNK	1640-1680	UNK	UNK	TRUE	UNK		MALE	MALE	MALE-MALE
SB_M_48	0.00	0.00	0.00	0.00	0.00	0.00	0.00	0.00	0.00	0.00	0.00	0.00	0.00	0.00	0.00	BUSINESS; AGENT	PIETRO VAN TEYLINGEN & CO	CM	"PIETRO VAN TEYLINGEN & CO", "CM"	1668	1665-1669	1660-1669	UNK	1633	UNK	1600-1640	UNK	UNK	FALSE	UNK		MALE	MALE	MALE-MALE
SB_M_49	0.00	0.00	0.00	0.00	0.00	0.00	0.00	0.00	0.00	0.00	0.00	0.00	0.00	0.00	0.00	BUSINESS; PRINCIPAL	STEVEN DE GEER	CM	"STEVEN DE GEER", "CM"	1668	1665-1669	1660-1669	1629	1633	1600-1640	1600-1640	TRUE	FALSE	FALSE	FALSE	4	MALE	MALE	MALE-MALE
SB_M_5	1.83	0.00	0.00	0.00	0.00	0.00	1.83	0.00	0.00	0.00	1.83	0.00	0.00	0.00	0.00	BUSINESS; CLIENT	ANDREAS BERENBERG'S WIDOW	CM	"ANDREAS BERENBERG'S WIDOW", "CM"	1668	1665-1669	1660-1669	1604	1633	1600-1640	1600-1640	TRUE	TRUE	FALSE	TRUE	29	FEMALE	MALE	FEMALE-MALE
SB_M_50	1.63	0.00	0.00	0.00	0.00	1.63	0.00	0.00	0.00	0.00	1.63	0.00	0.00	0.00	0.00	BUSINESS; PRINCIPAL	TAR COMPANY DIRECTORS	CM	"TAR COMPANY DIRECTORS", "CM"	1668	1665-1669	1660-1669	MULT	1633	1600-1640	1600-1640	MULT	MULT	FALSE	UNK		MALE	MALE	MALE-MALE
SB_M_51	0.00	0.00	0.00	0.00	0.00	0.00	0.00	0.00	0.00	0.00	0.00	0.00	0.00	0.00	0.00	BUSINESS; PRINCIPAL	STEVEN DE GEER	CM	"STEVEN DE GEER", "CM"	1668	1665-1669	1660-1669	1629	1633	1600-1640	1600-1640	TRUE	FALSE	FALSE	FALSE	4	MALE	MALE	MALE-MALE
SB_M_53	0.00	0.00	0.00	0.00	0.00	0.00	0.00	0.00	0.00	0.00	0.00	0.00	0.00	0.00	0.00	BUSINESS; AGENT	WILLIAM SKINNER	CM	"WILLIAM SKINNER", "CM"	1668	1665-1669	1660-1669	UNK	1633	UNK	1600-1640	UNK	UNK	FALSE	UNK		MALE	MALE	MALE-MALE
SB_M_56	4.68	0.00	0.00	0.00	0.00	0.00	4.68	0.00	0.00	0.00	4.68	0.00	0.00	0.00	0.00	BUSINESS; AGENT	PIETRO VAN TEYLINGEN & CO	CM	"PIETRO VAN TEYLINGEN & CO", "CM"	1668	1665-1669	1660-1669	UNK	1633	UNK	1600-1640	UNK	UNK	FALSE	UNK		MALE	MALE	MALE-MALE
SB_M_6	1.63	0.00	1.63	0.00	0.00	0.00	0.00	0.00	0.00	0.00	0.00	1.63	0.00	0.00	0.00	BUSINESS; PRINCIPAL	ABRAHAM MOMMA REENSTIERNA	CM	"ABRAHAM MOMMA REENSTIERNA", "CM"	1668	1665-1669	1660-1669	1623	1633	1600-1640	1600-1640	TRUE	TRUE	FALSE	FALSE	10	MALE	MALE	MALE-MALE
SB_M_60	0.00	0.00	0.00	0.00	0.00	0.00	0.00	0.00	0.00	0.00	0.00	0.00	0.00	0.00	0.00	BUSINESS; AGENT	WILLIAM SKINNER	CM	"WILLIAM SKINNER", "CM"	1668	1665-1669	1660-1669	UNK	1633	UNK	1600-1640	UNK	UNK	FALSE	UNK		MALE	MALE	MALE-MALE
SB_M_61	0.00	0.00	0.00	0.00	0.00	0.00	0.00	0.00	0.00	0.00	0.00	0.00	0.00	0.00	0.00	BUSINESS; PRINCIPAL	JOACHIM PÖTTER-LILLIENHOFF & HENRIK THUEN	CM	"JOACHIM PÖTTER-LILLIENHOFF & HENRIK THUEN", "CM"	1668	1665-1669	1660-1669	MULT	1633	1600-1640	1600-1640	TRUE	MULT	FALSE	FALSE		MALE	MALE	MALE-MALE
SB_M_65	0.00	0.00	0.00	0.00	0.00	0.00	0.00	0.00	0.00	0.00	0.00	0.00	0.00	0.00	0.00	BUSINESS; PRINCIPAL	TAR COMPANY DIRECTORS	CM	"TAR COMPANY DIRECTORS", "CM"	1668	1665-1669	1660-1669	MULT	1633	1600-1640	1600-1640	MULT	MULT	FALSE	UNK		MALE	MALE	MALE-MALE
SB_M_68	0.00	0.00	0.00	0.00	0.00	0.00	0.00	0.00	0.00	0.00	0.00	0.00	0.00	0.00	0.00	BUSINESS; PRINCIPAL	JOHN BARCKMAN LEYONBERGH	CM	"JOHN BARCKMAN LEYONBERGH", "CM"	1669	1665-1669	1660-1669	1625	1633	1600-1640	1600-1640	TRUE	TRUE	FALSE	FALSE	8	MALE	MALE	MALE-MALE
SB_M_69	0.00	0.00	0.00	0.00	0.00	0.00	0.00	0.00	0.00	0.00	0.00	0.00	0.00	0.00	0.00	BUSINESS; PRINCIPAL	LOUIS TRIP	CM	"LOUIS TRIP", "CM"	1669	1665-1669	1660-1669	1654	1633	1640-1680	1600-1640	TRUE	TRUE	FALSE	TRUE	28	MALE	MALE	MALE-MALE
SB_M_70	1.63	0.00	0.00	1.63	0.00	0.00	0.00	0.00	0.00	0.00	0.00	1.63	0.00	0.00	0.00	BUSINESS; PRINCIPAL	JAN VAN SAVELANT	CM	"JAN VAN SAVELANT", "CM"	1668	1665-1669	1660-1669	1603	1633	1600-1640	1600-1640	TRUE	TRUE	FALSE	TRUE	30	MALE	MALE	MALE-MALE
SB_M_71	0.00	0.00	0.00	0.00	0.00	0.00	0.00	0.00	0.00	0.00	0.00	0.00	0.00	0.00	0.00	BUSINESS; AGENT	WILLIAM BROWNE	CM	"WILLIAM BROWNE", "CM"	1669	1665-1669	1660-1669	UNK	1633	UNK	1600-1640	UNK	UNK	FALSE	UNK		MALE	MALE	MALE-MALE
SB_M_72	0.00	0.00	0.00	0.00	0.00	0.00	0.00	0.00	0.00	0.00	0.00	0.00	0.00	0.00	0.00	BUSINESS; CLIENT	PETER CAULIER	CM	"PETER CAULIER", "CM"	1669	1665-1669	1660-1669	UNK	1633	UNK	1600-1640	UNK	UNK	FALSE	UNK		MALE	MALE	MALE-MALE
SB_M_74	0.00	0.00	0.00	0.00	0.00	0.00	0.00	0.00	0.00	0.00	0.00	0.00	0.00	0.00	0.00	BUSINESS; CLIENT	ANDREAS BERENBERG'S WIDOW	CM	"ANDREAS BERENBERG'S WIDOW", "CM"	1669	1665-1669	1660-1669	1604	1633	1600-1640	1600-1640	TRUE	TRUE	FALSE	TRUE	29	FEMALE	MALE	FEMALE-MALE
SB_M_75	0.00	0.00	0.00	0.00	0.00	0.00	0.00	0.00	0.00	0.00	0.00	0.00	0.00	0.00	0.00	BUSINESS; PRINCIPAL	WILLEM MOMMA	CM	"WILLEM MOMMA", "CM"	1669	1665-1669	1660-1669	1601	1633	1600-1640	1600-1640	TRUE	TRUE	FALSE	TRUE	32	MALE	MALE	MALE-MALE
SB_M_77	0.00	0.00	0.00	0.00	0.00	0.00	0.00	0.00	0.00	0.00	0.00	0.00	0.00	0.00	0.00	BUSINESS; AGENT	WILLIAM SKINNER	CM	"WILLIAM SKINNER", "CM"	1669	1665-1669	1660-1669	UNK	1633	UNK	1600-1640	UNK	UNK	FALSE	UNK		MALE	MALE	MALE-MALE
SB_M_78	0.00	0.00	0.00	0.00	0.00	0.00	0.00	0.00	0.00	0.00	0.00	0.00	0.00	0.00	0.00	BUSINESS; AGENT	JEAN & DAVID VAN BAERLE	CM	"JEAN & DAVID VAN BAERLE", "CM"	1669	1665-1669	1660-1669	MULT	1633	UNK	1600-1640	MULT	MULT	FALSE	UNK		MALE	MALE	MALE-MALE
SB_M_79	0.00	0.00	0.00	0.00	0.00	0.00	0.00	0.00	0.00	0.00	0.00	0.00	0.00	0.00	0.00	BUSINESS; AGENT	WILLIAM BROWNE	CM	"WILLIAM BROWNE", "CM"	1669	1665-1669	1660-1669	UNK	1633	UNK	1600-1640	UNK	UNK	FALSE	UNK		MALE	MALE	MALE-MALE
SB_M_8	0.00	0.00	0.00	0.00	0.00	0.00	0.00	0.00	0.00	0.00	0.00	0.00	0.00	0.00	0.00	BUSINESS; PRINCIPAL	STEVEN DE GEER	CM	"STEVEN DE GEER", "CM"	1668	1665-1669	1660-1669	1629	1633	1600-1640	1600-1640	TRUE	FALSE	FALSE	FALSE	4	MALE	MALE	MALE-MALE
SB_M_80	0.00	0.00	0.00	0.00	0.00	0.00	0.00	0.00	0.00	0.00	0.00	0.00	0.00	0.00	0.00	BUSINESS; PRINCIPAL	WILLEM MOMMA	CM	"WILLEM MOMMA", "CM"	1669	1665-1669	1660-1669	1601	1633	1600-1640	1600-1640	TRUE	TRUE	FALSE	TRUE	32	MALE	MALE	MALE-MALE
SB_M_83	0.00	0.00	0.00	0.00	0.00	0.00	0.00	0.00	0.00	0.00	0.00	0.00	0.00	0.00	0.00	BUSINESS; CLIENT	ARNOLD RULAND	CM	"ARNOLD RULAND", "CM"	1669	1665-1669	1660-1669	UNK	1633	UNK	1600-1640	UNK	UNK	FALSE	UNK		MALE	MALE	MALE-MALE
SB_M_87	0.00	0.00	0.00	0.00	0.00	0.00	0.00	0.00	0.00	0.00	0.00	0.00	0.00	0.00	0.00	BUSINESS; AGENT	WILLIAM SKINNER	CM	"WILLIAM SKINNER", "CM"	1669	1665-1669	1660-1669	UNK	1633	UNK	1600-1640	UNK	UNK	FALSE	UNK		MALE	MALE	MALE-MALE
SB_M_89	1.63	0.00	0.00	1.63	0.00	0.00	0.00	0.00	0.00	0.00	1.63	0.00	0.00	0.00	0.00	BUSINESS; PRINCIPAL	JOACHIM PÖTTER-LILLIENHOFF & HENRIK THUEN	CM	"JOACHIM PÖTTER-LILLIENHOFF & HENRIK THUEN", "CM"	1669	1665-1669	1660-1669	MULT	1633	1600-1640	1600-1640	TRUE	MULT	FALSE	FALSE		MALE	MALE	MALE-MALE
SB_M_9	9.83	0.00	0.00	0.00	0.00	0.00	4.91	0.00	0.00	4.91	4.91	0.00	0.00	4.91	0.00	BUSINESS; CORRESPONDENT	ROBERT OURSEL	CM	"ROBERT OURSEL", "CM"	1668	1665-1669	1660-1669	1634	1633	1600-1640	1600-1640	FALSE	FALSE	FALSE	FALSE	1	MALE	MALE	MALE-MALE
SB_M_90	1.63	0.00	0.00	0.00	0.00	0.00	1.63	0.00	0.00	0.00	1.63	0.00	0.00	0.00	0.00	BUSINESS; PRINCIPAL	TAR COMPANY DIRECTORS	CM	"TAR COMPANY DIRECTORS", "CM"	1669	1665-1669	1660-1669	MULT	1633	1600-1640	1600-1640	MULT	MULT	FALSE	UNK		MALE	MALE	MALE-MALE
SB_M_91	3.26	0.00	0.00	0.00	0.00	0.00	3.26	0.00	0.00	0.00	3.26	0.00	0.00	0.00	0.00	BUSINESS; PRINCIPAL	JOACHIM PÖTTER-LILLIENHOFF & HENRIK THUEN	CM	"JOACHIM PÖTTER-LILLIENHOFF & HENRIK THUEN", "CM"	1669	1665-1669	1660-1669	MULT	1633	1600-1640	1600-1640	TRUE	MULT	FALSE	FALSE		MALE	MALE	MALE-MALE
SB_M_92	0.00	0.00	0.00	0.00	0.00	0.00	0.00	0.00	0.00	0.00	0.00	0.00	0.00	0.00	0.00	BUSINESS; AGENT	WILLIAM BROWNE	CM	"WILLIAM BROWNE", "CM"	1669	1665-1669	1660-1669	UNK	1633	UNK	1600-1640	UNK	UNK	FALSE	UNK		MALE	MALE	MALE-MALE
SB_M_93	0.00	0.00	0.00	0.00	0.00	0.00	0.00	0.00	0.00	0.00	0.00	0.00	0.00	0.00	0.00	BUSINESS; PRINCIPAL	ABRAHAM MOMMA REENSTIERNA	CM	"ABRAHAM MOMMA REENSTIERNA", "CM"	1669	1665-1669	1660-1669	1623	1633	1600-1640	1600-1640	TRUE	TRUE	FALSE	FALSE	10	MALE	MALE	MALE-MALE
SB_M_95	0.00	0.00	0.00	0.00	0.00	0.00	0.00	0.00	0.00	0.00	0.00	0.00	0.00	0.00	0.00	BUSINESS; CLIENT	ARNOLD RULAND	CM	"ARNOLD RULAND", "CM"	1669	1665-1669	1660-1669	UNK	1633	UNK	1600-1640	UNK	UNK	FALSE	UNK		MALE	MALE	MALE-MALE
SB_M_96	0.00	0.00	0.00	0.00	0.00	0.00	0.00	0.00	0.00	0.00	0.00	0.00	0.00	0.00	0.00	BUSINESS; CLIENT	ANDREAS BERENBERG'S WIDOW	CM	"ANDREAS BERENBERG'S WIDOW", "CM"	1669	1665-1669	1660-1669	1604	1633	1600-1640	1600-1640	TRUE	TRUE	FALSE	TRUE	29	FEMALE	MALE	FEMALE-MALE
SB_M_98	1.63	0.00	0.00	0.00	0.00	0.00	1.63	0.00	0.00	0.00	1.63	0.00	0.00	0.00	0.00	BUSINESS; PRINCIPAL	ABRAHAM MOMMA REENSTIERNA	CM	"ABRAHAM MOMMA REENSTIERNA", "CM"	1669	1665-1669	1660-1669	1623	1633	1600-1640	1600-1640	TRUE	TRUE	FALSE	FALSE	10	MALE	MALE	MALE-MALE
SB_M_99	3.26	0.00	0.00	1.63	0.00	0.00	1.63	0.00	0.00	0.00	1.63	1.63	0.00	0.00	0.00	BUSINESS; PRINCIPAL	JOACHIM PÖTTER-LILLIENHOFF & HENRIK THUEN	CM	"JOACHIM PÖTTER-LILLIENHOFF & HENRIK THUEN", "CM"	1669	1665-1669	1660-1669	MULT	1633	1600-1640	1600-1640	TRUE	MULT	FALSE	FALSE		MALE	MALE	MALE-MALE