id	hit_freq	conf_freq	approve_freq	fixed_freq	object_freq	grat_freq	pray_freq	preserve_freq	presupp_freq	resign_freq	travel_freq	trade_freq	health_freq	politics_freq	social_freq	connection	sender	addressee	pair	year	decennium	quinquennial	sender_birth	addressee_birth_date	sender_generation	addressee_generation	sender_is_older	sender_over_40	addressee_over_40	age_gap_over_20	age_gap	gender_sender	gender_addressee	gender_pair
1	281.58	0.00	0.00	16.76	0.00	0.00	0.00	0.00	83.81	16.76	0.00	0.00	117.33	0.00	0.00	FRIEND	SAMUEL JEAKE SR	MRS WENBORN	"SAMUEL JEAKE SR", "MRS WENBORN"	1640	1640-1649	1640-1644	1623	UNK	1600-1640	UNK	UNK	FALSE	UNK	UNK		MALE	FEMALE	MALE-FEMALE
3	442.48	0.00	0.00	16.76	0.00	0.00	83.81	33.52	0.00	33.52	0.00	0.00	16.76	100.57	16.76	FRIEND	SAMUEL JEAKE SR	FRIENDS IN THE ARMY	"SAMUEL JEAKE SR", "FRIENDS IN THE ARMY"				1623	MULT	1600-1640	UNK	UNK	FALSE	MULT	UNK		MALE	MULT	MALE-MULT
11	0.00	0.00	0.00	0.00	0.00	0.00	0.00	0.00	0.00	0.00	0.00	0.00	0.00	0.00	0.00	FAMILY	SAMUEL JEAKE SR	FRANCES JEAKE-HARTRIDGE	"SAMUEL JEAKE SR", "FRANCES JEAKE-HARTRIDGE"		1650-1659	1650-1654	1623	1630	1600-1640	1600-1640	TRUE	FALSE	FALSE	FALSE	7	MALE	FEMALE	MALE-FEMALE
12	1.69	0.00	0.00	0.00	0.00	0.00	1.73	1.73	0.00	0.00	0.00	0.00	0.00	0.00	0.00	FAMILY	FRANCES JEAKE-HARTRIDGE	SAMUEL JEAKE SR	"FRANCES JEAKE-HARTRIDGE", "SAMUEL JEAKE SR"	1651	1650-1659	1650-1654	1630	1623	1600-1640	1600-1640	FALSE	FALSE	FALSE	FALSE	7	FEMALE	MALE	FEMALE-MALE
13	0.00	0.00	0.00	0.00	0.00	0.00	0.00	0.00	0.00	0.00	0.00	0.00	0.00	0.00	0.00	FAMILY	SAMUEL JEAKE SR	FRANCES JEAKE-HARTRIDGE	"SAMUEL JEAKE SR", "FRANCES JEAKE-HARTRIDGE"	1651	1650-1659	1650-1654	1623	1630	1600-1640	1600-1640	TRUE	FALSE	FALSE	FALSE	7	MALE	FEMALE	MALE-FEMALE
18	0.00	0.00	0.00	0.00	0.00	0.00	0.00	0.00	0.00	0.00	0.00	0.00	0.00	0.00	0.00	FAMILY	FRANCES JEAKE-HARTRIDGE	SAMUEL JEAKE SR	"FRANCES JEAKE-HARTRIDGE", "SAMUEL JEAKE SR"	1651	1650-1659	1650-1654	1630	1623	1600-1640	1600-1640	FALSE	FALSE	FALSE	FALSE	7	FEMALE	MALE	FEMALE-MALE
20	10.11	1.73	0.00	5.19	1.73	1.73	0.00	0.00	0.00	0.00	0.00	0.00	3.46	1.73	3.46	FAMILY	FRANCES JEAKE-HARTRIDGE	CHRISTOPHER AND MARY HARTRIDGE	"FRANCES JEAKE-HARTRIDGE", "CHRISTOPHER AND MARY HARTRIDGE"		1650-1659	1650-1654	1630	MULT	1600-1640	1600-1640	MULT	FALSE	MULT	UNK		FEMALE	MULT	FEMALE-MULT
21	15.17	0.00	0.00	0.00	1.73	1.73	0.00	0.00	5.19	5.19	0.00	0.00	5.19	0.00	0.00	FAMILY	FRANCES JEAKE-HARTRIDGE	MARY HARTRIDGE	"FRANCES JEAKE-HARTRIDGE", "MARY HARTRIDGE"	1653	1650-1659	1650-1654	1630	UNK	1600-1640	1600-1640	UNK	FALSE	UNK	UNK		FEMALE	FEMALE	FEMALE-FEMALE
26	0.00	0.00	0.00	0.00	0.00	0.00	0.00	0.00	0.00	0.00	0.00	0.00	0.00	0.00	0.00	FAMILY	SAMUEL JEAKE SR	SAMUEL JEAKE JR	"SAMUEL JEAKE SR", "SAMUEL JEAKE JR"	1668	1660-1669	1665-1669	1623	1652	1600-1640	1640-1680	TRUE	TRUE	FALSE	TRUE	29	MALE	MALE	MALE-MALE
27	0.00	0.00	0.00	0.00	0.00	0.00	0.00	0.00	0.00	0.00	0.00	0.00	0.00	0.00	0.00	FAMILY	SAMUEL JEAKE SR	SAMUEL JEAKE JR	"SAMUEL JEAKE SR", "SAMUEL JEAKE JR"	1668	1660-1669	1665-1669	1623	1652	1600-1640	1640-1680	TRUE	TRUE	FALSE	TRUE	29	MALE	MALE	MALE-MALE
28	0.00	0.00	0.00	0.00	0.00	0.00	0.00	0.00	0.00	0.00	0.00	0.00	0.00	0.00	0.00	FAMILY	SAMUEL JEAKE SR	SAMUEL JEAKE JR	"SAMUEL JEAKE SR", "SAMUEL JEAKE JR"	1668	1660-1669	1665-1669	1623	1652	1600-1640	1640-1680	TRUE	TRUE	FALSE	TRUE	29	MALE	MALE	MALE-MALE
29	0.00	0.00	0.00	0.00	0.00	0.00	0.00	0.00	0.00	0.00	0.00	0.00	0.00	0.00	0.00	FAMILY	SAMUEL JEAKE SR	SAMUEL JEAKE JR	"SAMUEL JEAKE SR", "SAMUEL JEAKE JR"	1668	1660-1669	1665-1669	1623	1652	1600-1640	1640-1680	TRUE	TRUE	FALSE	TRUE	29	MALE	MALE	MALE-MALE
30	1.69	0.00	1.73	0.00	0.00	0.00	0.00	0.00	0.00	0.00	0.00	0.00	0.00	0.00	1.73	FAMILY	SAMUEL JEAKE JR	SAMUEL JEAKE SR	"SAMUEL JEAKE JR", "SAMUEL JEAKE SR"	1668	1660-1669	1665-1669	1652	1623	1640-1680	1600-1640	FALSE	FALSE	TRUE	TRUE	29	MALE	MALE	MALE-MALE
31	0.00	0.00	0.00	0.00	0.00	0.00	0.00	0.00	0.00	0.00	0.00	0.00	0.00	0.00	0.00	FAMILY	SAMUEL JEAKE SR	SAMUEL JEAKE JR	"SAMUEL JEAKE SR", "SAMUEL JEAKE JR"	1668	1660-1669	1665-1669	1623	1652	1600-1640	1640-1680	TRUE	TRUE	FALSE	TRUE	29	MALE	MALE	MALE-MALE
32	0.00	0.00	0.00	0.00	0.00	0.00	0.00	0.00	0.00	0.00	0.00	0.00	0.00	0.00	0.00	FAMILY	SAMUEL JEAKE SR	SAMUEL JEAKE JR	"SAMUEL JEAKE SR", "SAMUEL JEAKE JR"	1668	1660-1669	1665-1669	1623	1652	1600-1640	1640-1680	TRUE	TRUE	FALSE	TRUE	29	MALE	MALE	MALE-MALE
33	10.11	0.00	0.00	0.00	0.00	0.00	0.00	0.00	6.92	1.73	0.00	0.00	0.00	0.00	1.73	FAMILY	SAMUEL JEAKE SR	SAMUEL JEAKE JR	"SAMUEL JEAKE SR", "SAMUEL JEAKE JR"	1669	1660-1669	1665-1669	1623	1652	1600-1640	1640-1680	TRUE	TRUE	FALSE	TRUE	29	MALE	MALE	MALE-MALE
34	0.00	0.00	0.00	0.00	0.00	0.00	0.00	0.00	0.00	0.00	0.00	0.00	0.00	0.00	0.00	FAMILY	SAMUEL JEAKE SR	SAMUEL JEAKE JR	"SAMUEL JEAKE SR", "SAMUEL JEAKE JR"	1668	1660-1669	1665-1669	1623	1652	1600-1640	1640-1680	TRUE	TRUE	FALSE	TRUE	29	MALE	MALE	MALE-MALE
35	0.00	0.00	0.00	0.00	0.00	0.00	0.00	0.00	0.00	0.00	0.00	0.00	0.00	0.00	0.00	FAMILY	SAMUEL JEAKE SR	SAMUEL JEAKE JR	"SAMUEL JEAKE SR", "SAMUEL JEAKE JR"	1668	1660-1669	1665-1669	1623	1652	1600-1640	1640-1680	TRUE	TRUE	FALSE	TRUE	29	MALE	MALE	MALE-MALE
36	0.00	0.00	0.00	0.00	0.00	0.00	0.00	0.00	0.00	0.00	0.00	0.00	0.00	0.00	0.00	FAMILY	SAMUEL JEAKE SR	SAMUEL JEAKE JR	"SAMUEL JEAKE SR", "SAMUEL JEAKE JR"	1668	1660-1669	1665-1669	1623	1652	1600-1640	1640-1680	TRUE	TRUE	FALSE	TRUE	29	MALE	MALE	MALE-MALE
37	0.00	0.00	0.00	0.00	0.00	0.00	0.00	0.00	0.00	0.00	0.00	0.00	0.00	0.00	0.00	FAMILY	SAMUEL JEAKE SR	SAMUEL JEAKE JR	"SAMUEL JEAKE SR", "SAMUEL JEAKE JR"	1669	1660-1669	1665-1669	1623	1652	1600-1640	1640-1680	TRUE	TRUE	FALSE	TRUE	29	MALE	MALE	MALE-MALE
38	0.00	0.00	0.00	0.00	0.00	0.00	0.00	0.00	0.00	0.00	0.00	0.00	0.00	0.00	0.00	FAMILY	SAMUEL JEAKE SR	SAMUEL JEAKE JR	"SAMUEL JEAKE SR", "SAMUEL JEAKE JR"	1669	1660-1669	1665-1669	1623	1652	1600-1640	1640-1680	TRUE	TRUE	FALSE	TRUE	29	MALE	MALE	MALE-MALE
39	0.00	0.00	0.00	0.00	0.00	0.00	0.00	0.00	0.00	0.00	0.00	0.00	0.00	0.00	0.00	FAMILY	SAMUEL JEAKE SR	SAMUEL JEAKE JR	"SAMUEL JEAKE SR", "SAMUEL JEAKE JR"	1669	1660-1669	1665-1669	1623	1652	1600-1640	1640-1680	TRUE	TRUE	FALSE	TRUE	29	MALE	MALE	MALE-MALE
40	0.00	0.00	0.00	0.00	0.00	0.00	0.00	0.00	0.00	0.00	0.00	0.00	0.00	0.00	0.00	FAMILY	SAMUEL JEAKE JR	SAMUEL JEAKE SR	"SAMUEL JEAKE JR", "SAMUEL JEAKE SR"	1669	1660-1669	1665-1669	1652	1623	1640-1680	1600-1640	FALSE	FALSE	TRUE	TRUE	29	MALE	MALE	MALE-MALE
41	0.00	0.00	0.00	0.00	0.00	0.00	0.00	0.00	0.00	0.00	0.00	0.00	0.00	0.00	0.00	FAMILY	SAMUEL JEAKE SR	SAMUEL JEAKE JR	"SAMUEL JEAKE SR", "SAMUEL JEAKE JR"	1669	1660-1669	1665-1669	1623	1652	1600-1640	1640-1680	TRUE	TRUE	FALSE	TRUE	29	MALE	MALE	MALE-MALE
42	0.00	0.00	0.00	0.00	0.00	0.00	0.00	0.00	0.00	0.00	0.00	0.00	0.00	0.00	0.00	FAMILY	SAMUEL JEAKE SR	SAMUEL JEAKE JR	"SAMUEL JEAKE SR", "SAMUEL JEAKE JR"	1669	1660-1669	1665-1669	1623	1652	1600-1640	1640-1680	TRUE	TRUE	FALSE	TRUE	29	MALE	MALE	MALE-MALE
43	0.00	0.00	0.00	0.00	0.00	0.00	0.00	0.00	0.00	0.00	0.00	0.00	0.00	0.00	0.00	FAMILY	SAMUEL JEAKE SR	SAMUEL JEAKE JR	"SAMUEL JEAKE SR", "SAMUEL JEAKE JR"	1669	1660-1669	1665-1669	1623	1652	1600-1640	1640-1680	TRUE	TRUE	FALSE	TRUE	29	MALE	MALE	MALE-MALE
44	0.00	0.00	0.00	0.00	0.00	0.00	0.00	0.00	0.00	0.00	0.00	0.00	0.00	0.00	0.00	FAMILY	SAMUEL JEAKE JR	SAMUEL JEAKE SR	"SAMUEL JEAKE JR", "SAMUEL JEAKE SR"	1669	1660-1669	1665-1669	1652	1623	1640-1680	1600-1640	FALSE	FALSE	TRUE	TRUE	29	MALE	MALE	MALE-MALE
45	0.00	0.00	1.73	0.00	0.00	0.00	0.00	0.00	0.00	0.00	0.00	0.00	0.00	0.00	1.73	FAMILY	SAMUEL JEAKE SR	SAMUEL JEAKE JR	"SAMUEL JEAKE SR", "SAMUEL JEAKE JR"	1669	1660-1669	1665-1669	1623	1652	1600-1640	1640-1680	TRUE	TRUE	FALSE	TRUE	29	MALE	MALE	MALE-MALE
46	0.00	0.00	0.00	0.00	0.00	0.00	0.00	0.00	0.00	0.00	0.00	0.00	0.00	0.00	0.00	FAMILY	SAMUEL JEAKE SR	SAMUEL JEAKE JR	"SAMUEL JEAKE SR", "SAMUEL JEAKE JR"	1669	1660-1669	1665-1669	1623	1652	1600-1640	1640-1680	TRUE	TRUE	FALSE	TRUE	29	MALE	MALE	MALE-MALE
47	1.69	0.00	1.73	0.00	0.00	0.00	0.00	0.00	0.00	0.00	1.73	0.00	0.00	0.00	0.00	FAMILY	SAMUEL JEAKE JR	SAMUEL JEAKE SR	"SAMUEL JEAKE JR", "SAMUEL JEAKE SR"	1669	1660-1669	1665-1669	1652	1623	1640-1680	1600-1640	FALSE	FALSE	TRUE	TRUE	29	MALE	MALE	MALE-MALE
48	0.00	0.00	0.00	0.00	0.00	0.00	0.00	0.00	0.00	0.00	0.00	0.00	0.00	0.00	0.00	FAMILY	SAMUEL JEAKE SR	SAMUEL JEAKE JR	"SAMUEL JEAKE SR", "SAMUEL JEAKE JR"	1669	1660-1669	1665-1669	1623	1652	1600-1640	1640-1680	TRUE	TRUE	FALSE	TRUE	29	MALE	MALE	MALE-MALE
49	1.69	0.00	1.73	0.00	0.00	0.00	0.00	0.00	0.00	0.00	1.73	0.00	0.00	0.00	0.00	FAMILY	SAMUEL JEAKE JR	SAMUEL JEAKE SR	"SAMUEL JEAKE JR", "SAMUEL JEAKE SR"	1672	1670-1679	1670-1674	1652	1623	1640-1680	1600-1640	FALSE	FALSE	TRUE	TRUE	29	MALE	MALE	MALE-MALE
50	0.00	0.00	0.00	0.00	0.00	1.73	0.00	0.00	0.00	0.00	0.00	0.00	1.73	0.00	0.00	FAMILY	SAMUEL JEAKE JR	SAMUEL JEAKE SR	"SAMUEL JEAKE JR", "SAMUEL JEAKE SR"	1672	1670-1679	1670-1674	1652	1623	1640-1680	1600-1640	FALSE	FALSE	TRUE	TRUE	29	MALE	MALE	MALE-MALE
51	0.00	0.00	1.73	0.00	0.00	0.00	0.00	0.00	0.00	0.00	1.73	0.00	0.00	0.00	0.00	FAMILY	SAMUEL JEAKE JR	SAMUEL JEAKE SR	"SAMUEL JEAKE JR", "SAMUEL JEAKE SR"	1672	1670-1679	1670-1674	1652	1623	1640-1680	1600-1640	FALSE	FALSE	TRUE	TRUE	29	MALE	MALE	MALE-MALE
52	1.69	0.00	1.73	0.00	0.00	0.00	0.00	0.00	0.00	0.00	1.73	0.00	0.00	0.00	0.00	FAMILY	SAMUEL JEAKE SR	SAMUEL JEAKE JR	"SAMUEL JEAKE SR", "SAMUEL JEAKE JR"	1673	1670-1679	1670-1674	1623	1652	1600-1640	1640-1680	TRUE	TRUE	FALSE	TRUE	29	MALE	MALE	MALE-MALE
53	3.37	0.00	0.00	0.00	0.00	1.73	1.73	0.00	1.73	0.00	0.00	3.46	0.00	0.00	0.00	FAMILY	CHRISTOPHER BLACKWOOD JR	SAMUEL JEAKE JR	"CHRISTOPHER BLACKWOOD JR", "SAMUEL JEAKE JR"	1674	1670-1679	1670-1674	1650	1652	1640-1680	1640-1680	TRUE	FALSE	FALSE	FALSE	2	MALE	MALE	MALE-MALE
54	0.00	0.00	0.00	0.00	0.00	0.00	0.00	0.00	0.00	0.00	0.00	0.00	0.00	0.00	0.00	FAMILY	CHRISTOPHER BLACKWOOD JR	SAMUEL JEAKE JR	"CHRISTOPHER BLACKWOOD JR", "SAMUEL JEAKE JR"	1674	1670-1679	1670-1674	1650	1652	1640-1680	1640-1680	TRUE	FALSE	FALSE	FALSE	2	MALE	MALE	MALE-MALE
55	0.00	0.00	0.00	0.00	0.00	0.00	0.00	0.00	0.00	0.00	0.00	0.00	0.00	0.00	0.00	BUSINESS; CORRESPONDENT	JAMES LE GRIELL	SAMUEL JEAKE JR	"JAMES LE GRIELL", "SAMUEL JEAKE JR"	1674	1670-1679	1670-1674	UNK	1652	UNK	1640-1680	UNK	UNK	FALSE	UNK		MALE	MALE	MALE-MALE
56	6.86	0.00	0.00	0.00	0.00	0.00	0.00	0.00	0.00	0.00	0.00	0.00	0.00	0.00	13.75	EXTENDED FAMILY	ELIZABETH DIGHTON	SAMUEL JEAKE JR	"ELIZABETH DIGHTON", "SAMUEL JEAKE JR"	1674	1670-1679	1670-1674	1623	1652	1600-1640	1640-1680	TRUE	TRUE	FALSE	TRUE	29	FEMALE	MALE	FEMALE-MALE
57	0.00	0.00	0.00	0.00	0.00	0.00	0.00	0.00	0.00	0.00	0.00	0.00	0.00	0.00	0.00	BUSINESS; CORRESPONDENT	JAMES LE GRIELL	SAMUEL JEAKE JR	"JAMES LE GRIELL", "SAMUEL JEAKE JR"	1674	1670-1679	1670-1674	UNK	1652	UNK	1640-1680	UNK	UNK	FALSE	UNK		MALE	MALE	MALE-MALE
58	0.00	0.00	6.88	0.00	0.00	0.00	0.00	0.00	0.00	0.00	0.00	0.00	0.00	0.00	6.88	EXTENDED FAMILY	MARY FREEBODY	SAMUEL JEAKE JR	"MARY FREEBODY", "SAMUEL JEAKE JR"	1674	1670-1679	1670-1674	UNK	1652	1640-1680	1640-1680	UNK	FALSE	FALSE	TRUE		FEMALE	MALE	FEMALE-MALE
59	16.48	0.00	0.00	0.00	0.00	16.48	0.00	0.00	0.00	0.00	0.00	16.48	0.00	0.00	0.00	BUSINESS; CORRESPONDENT	GEORGE CASTELL	SAMUEL JEAKE JR	"GEORGE CASTELL", "SAMUEL JEAKE JR"	1676	1670-1679	1675-1679	UNK	1652	UNK	1640-1680	UNK	UNK	FALSE	UNK		MALE	MALE	MALE-MALE
60	0.00	0.00	0.00	0.00	0.00	0.00	0.00	0.00	0.00	0.00	0.00	0.00	0.00	0.00	0.00	BUSINESS; CORRESPONDENT	SAMUEL JEAKE JR	GEORGE CASTELL	"SAMUEL JEAKE JR", "GEORGE CASTELL"	1676	1670-1679	1675-1679	1652	UNK	1640-1680	UNK	UNK	FALSE	UNK	UNK		MALE	MALE	MALE-MALE
61	13.73	0.00	0.00	0.00	0.00	0.00	0.00	6.88	0.00	0.00	0.00	0.00	0.00	0.00	0.00	EXTENDED FAMILY	ELIZABETH DIGHTON	SAMUEL JEAKE JR	"ELIZABETH DIGHTON", "SAMUEL JEAKE JR"	1676	1670-1679	1675-1679	1623	1652	1600-1640	1640-1680	TRUE	TRUE	FALSE	TRUE	29	FEMALE	MALE	FEMALE-MALE
62	0.00	0.00	0.00	0.00	0.00	0.00	0.00	0.00	0.00	0.00	0.00	0.00	0.00	0.00	0.00	FAMILY	JOHN WAGON	SAMUEL JEAKE JR	"JOHN WAGON", "SAMUEL JEAKE JR"	1676	1670-1679	1675-1679	UNK	1652	1600-1640	1640-1680	UNK	UNK	FALSE	UNK		MALE	MALE	MALE-MALE
63	0.00	0.00	0.00	0.00	0.00	0.00	0.00	0.00	0.00	0.00	0.00	0.00	0.00	0.00	0.00	BUSINESS; FRIEND	THOMAS MILLER	SAMUEL JEAKE JR	"THOMAS MILLER", "SAMUEL JEAKE JR"	1676	1670-1679	1675-1679	1644	1652	1640-1680	1640-1680	TRUE	FALSE	FALSE	FALSE	8	MALE	MALE	MALE-MALE
64	6.86	0.00	0.00	0.00	0.00	0.00	0.00	0.00	0.00	0.00	0.00	0.00	0.00	0.00	0.00	EXTENDED FAMILY	ELIZABETH DIGHTON	SAMUEL JEAKE JR	"ELIZABETH DIGHTON", "SAMUEL JEAKE JR"	1677	1670-1679	1675-1679	1623	1652	1600-1640	1640-1680	TRUE	TRUE	FALSE	TRUE	29	FEMALE	MALE	FEMALE-MALE
65	1.62	0.00	0.00	0.00	0.00	0.00	0.00	0.00	0.00	0.00	0.00	0.00	0.00	0.00	0.00	FRIEND	JOSEPH RELFE	SAMUEL JEAKE JR	"JOSEPH RELFE", "SAMUEL JEAKE JR"	1677	1670-1679	1675-1679	UNK	1652	1600-1640	1640-1680	TRUE	UNK	FALSE	UNK	7	MALE	MALE	MALE-MALE
66	0.00	0.00	0.00	0.00	0.00	0.00	0.00	0.00	0.00	0.00	0.00	0.00	0.00	0.00	0.00	FAMILY	SAMUEL JEAKE SR	SAMUEL JEAKE JR	"SAMUEL JEAKE SR", "SAMUEL JEAKE JR"	1678	1670-1679	1675-1679	1623	1652	1600-1640	1640-1680	TRUE	TRUE	FALSE	TRUE	29	MALE	MALE	MALE-MALE
67	0.00	0.00	0.00	0.00	0.00	0.00	0.00	0.00	0.00	0.00	0.00	0.00	0.00	0.00	0.00	FAMILY	CHRISTOPHER BLACKWOOD JR	SAMUEL JEAKE JR	"CHRISTOPHER BLACKWOOD JR", "SAMUEL JEAKE JR"	1678	1670-1679	1675-1679	1650	1652	1640-1680	1640-1680	TRUE	FALSE	FALSE	FALSE	2	MALE	MALE	MALE-MALE
68	1.69	0.00	3.46	0.00	0.00	0.00	0.00	0.00	0.00	0.00	0.00	3.46	0.00	0.00	0.00	FAMILY	SAMUEL JEAKE JR	CHRISTOPHER BLACKWOOD JR	"SAMUEL JEAKE JR", "CHRISTOPHER BLACKWOOD JR"	1678	1670-1679	1675-1679	1652	1650	1640-1680	1640-1680	FALSE	FALSE	FALSE	FALSE	2	MALE	MALE	MALE-MALE
69	0.00	0.00	0.00	0.00	0.00	6.88	0.00	0.00	0.00	0.00	0.00	0.00	6.88	0.00	0.00	EXTENDED FAMILY	JOHN MACKLEY	SAMUEL JEAKE JR	"JOHN MACKLEY", "SAMUEL JEAKE JR"	1678	1670-1679	1675-1679	UNK	1652	1640-1680	1640-1680	UNK	FALSE	FALSE	UNK		MALE	MALE	MALE-MALE
70	1.69	0.00	1.73	0.00	0.00	0.00	0.00	0.00	0.00	0.00	0.00	1.73	0.00	0.00	0.00	FAMILY	SAMUEL JEAKE JR	CHRISTOPHER BLACKWOOD JR	"SAMUEL JEAKE JR", "CHRISTOPHER BLACKWOOD JR"	1678	1670-1679	1675-1679	1652	1650	1640-1680	1640-1680	FALSE	FALSE	FALSE	FALSE	2	MALE	MALE	MALE-MALE
71	0.00	0.00	0.00	0.00	0.00	0.00	0.00	0.00	0.00	0.00	0.00	0.00	0.00	0.00	0.00	FAMILY	CHRISTOPHER BLACKWOOD JR	SAMUEL JEAKE JR	"CHRISTOPHER BLACKWOOD JR", "SAMUEL JEAKE JR"	1678	1670-1679	1675-1679	1650	1652	1640-1680	1640-1680	TRUE	FALSE	FALSE	FALSE	2	MALE	MALE	MALE-MALE
72	0.00	0.00	0.00	0.00	0.00	0.00	0.00	0.00	0.00	0.00	0.00	0.00	0.00	0.00	0.00	FAMILY	SAMUEL JEAKE JR	CHRISTOPHER BLACKWOOD JR	"SAMUEL JEAKE JR", "CHRISTOPHER BLACKWOOD JR"	1678	1670-1679	1675-1679	1652	1650	1640-1680	1640-1680	FALSE	FALSE	FALSE	FALSE	2	MALE	MALE	MALE-MALE
73	0.00	0.00	0.00	0.00	0.00	0.00	0.00	0.00	0.00	0.00	0.00	0.00	0.00	0.00	0.00	EXTENDED FAMILY	JOHN MACKLEY	SAMUEL JEAKE JR	"JOHN MACKLEY", "SAMUEL JEAKE JR"	1678	1670-1679	1675-1679	UNK	1652	1640-1680	1640-1680	UNK	FALSE	FALSE	UNK		MALE	MALE	MALE-MALE
74	20.59	0.00	0.00	0.00	0.00	0.00	6.88	0.00	13.75	6.88	0.00	0.00	0.00	0.00	6.88	EXTENDED FAMILY	ELIZABETH DIGHTON	SAMUEL JEAKE JR	"ELIZABETH DIGHTON", "SAMUEL JEAKE JR"	1678	1670-1679	1675-1679	1623	1652	1600-1640	1640-1680	TRUE	TRUE	FALSE	TRUE	29	FEMALE	MALE	FEMALE-MALE
75	0.00	0.00	0.00	0.00	0.00	0.00	0.00	0.00	0.00	0.00	0.00	0.00	0.00	0.00	0.00	EXTENDED FAMILY	JOHN MACKLEY	SAMUEL JEAKE JR	"JOHN MACKLEY", "SAMUEL JEAKE JR"	1678	1670-1679	1675-1679	UNK	1652	1640-1680	1640-1680	UNK	FALSE	FALSE	UNK		MALE	MALE	MALE-MALE
76	0.00	0.00	0.00	0.00	0.00	0.00	0.00	0.00	0.00	0.00	0.00	0.00	0.00	0.00	0.00	EXTENDED FAMILY	JOHN MACKLEY	SAMUEL JEAKE JR	"JOHN MACKLEY", "SAMUEL JEAKE JR"	1678	1670-1679	1675-1679	UNK	1652	1640-1680	1640-1680	UNK	FALSE	FALSE	UNK		MALE	MALE	MALE-MALE
77	0.00	0.00	0.00	0.00	0.00	0.00	0.00	0.00	0.00	0.00	0.00	0.00	0.00	0.00	0.00	EXTENDED FAMILY	JOHN MACKLEY	SAMUEL JEAKE JR	"JOHN MACKLEY", "SAMUEL JEAKE JR"	1678	1670-1679	1675-1679	UNK	1652	1640-1680	1640-1680	UNK	FALSE	FALSE	UNK		MALE	MALE	MALE-MALE
78	0.00	0.00	0.00	0.00	0.00	0.00	0.00	0.00	0.00	0.00	0.00	0.00	0.00	0.00	0.00	EXTENDED FAMILY	JOHN MACKLEY	SAMUEL JEAKE JR	"JOHN MACKLEY", "SAMUEL JEAKE JR"	1678	1670-1679	1675-1679	UNK	1652	1640-1680	1640-1680	UNK	FALSE	FALSE	UNK		MALE	MALE	MALE-MALE
79	0.00	0.00	0.00	0.00	0.00	0.00	0.00	0.00	0.00	0.00	0.00	0.00	0.00	0.00	0.00	BUSINESS; CORRESPONDENT	JOHN COOKE	SAMUEL JEAKE JR	"JOHN COOKE", "SAMUEL JEAKE JR"	1679	1670-1679	1675-1679	UNK	1652	UNK	1640-1680	UNK	UNK	FALSE	UNK		MALE	MALE	MALE-MALE
80	16.48	0.00	16.48	0.00	0.00	0.00	0.00	0.00	0.00	0.00	0.00	16.48	0.00	0.00	0.00	BUSINESS; CORRESPONDENT	SAMUEL JEAKE JR	JOHN COOKE	"SAMUEL JEAKE JR", "JOHN COOKE"	1679	1670-1679	1675-1679	1652	UNK	1640-1680	UNK	UNK	FALSE	UNK	UNK		MALE	MALE	MALE-MALE
81	0.00	0.00	0.00	0.00	0.00	0.00	0.00	0.00	0.00	0.00	0.00	0.00	0.00	0.00	0.00	BUSINESS; CORRESPONDENT	SAMUEL JEAKE JR	JOHN JEWELL	"SAMUEL JEAKE JR", "JOHN JEWELL"	1679	1670-1679	1675-1679	1652	UNK	1640-1680	UNK	UNK	FALSE	UNK	UNK		MALE	MALE	MALE-MALE
82	0.00	0.00	0.00	0.00	0.00	0.00	0.00	0.00	0.00	0.00	0.00	0.00	0.00	0.00	0.00	BUSINESS; CORRESPONDENT	SAMUEL JEAKE JR	MAJOR CHILDS	"SAMUEL JEAKE JR", "MAJOR CHILDS"	1679	1670-1679	1675-1679	1652	UNK	1640-1680	UNK	UNK	FALSE	UNK	UNK		MALE	MALE	MALE-MALE
83	0.00	0.00	0.00	0.00	0.00	0.00	0.00	0.00	0.00	0.00	0.00	0.00	0.00	0.00	0.00	BUSINESS; CORRESPONDENT	WILLIAM DELAMARE	SAMUEL JEAKE JR	"WILLIAM DELAMARE", "SAMUEL JEAKE JR"	1679	1670-1679	1675-1679	UNK	1652	UNK	1640-1680	UNK	UNK	FALSE	UNK		MALE	MALE	MALE-MALE
84	0.00	0.00	0.00	0.00	0.00	0.00	0.00	0.00	0.00	0.00	0.00	0.00	0.00	0.00	0.00	BUSINESS; CORRESPONDENT	RICHARD PICKERSGILL	SAMUEL JEAKE JR	"RICHARD PICKERSGILL", "SAMUEL JEAKE JR"	1679	1670-1679	1675-1679	UNK	1652	UNK	1640-1680	UNK	UNK	FALSE	UNK		MALE	MALE	MALE-MALE
85	0.00	0.00	0.00	0.00	0.00	0.00	0.00	0.00	0.00	0.00	0.00	0.00	0.00	0.00	0.00	BUSINESS; CORRESPONDENT	JAMES LE GRIELL	SAMUEL JEAKE JR	"JAMES LE GRIELL", "SAMUEL JEAKE JR"	1679	1670-1679	1675-1679	UNK	1652	UNK	1640-1680	UNK	UNK	FALSE	UNK		MALE	MALE	MALE-MALE
86	0.00	0.00	0.00	0.00	0.00	0.00	0.00	0.00	0.00	0.00	0.00	0.00	0.00	0.00	0.00	BUSINESS; CORRESPONDENT	BERNARD COUDERT	SAMUEL JEAKE JR	"BERNARD COUDERT", "SAMUEL JEAKE JR"	1679	1670-1679	1675-1679	UNK	1652	UNK	1640-1680	UNK	UNK	FALSE	UNK		MALE	MALE	MALE-MALE
87	0.00	0.00	0.00	0.00	0.00	0.00	0.00	0.00	0.00	0.00	0.00	0.00	0.00	0.00	0.00	BUSINESS; CORRESPONDENT	MICHEL SAVARY	SAMUEL JEAKE JR	"MICHEL SAVARY", "SAMUEL JEAKE JR"	1679	1670-1679	1675-1679	UNK	1652	UNK	1640-1680	UNK	UNK	FALSE	UNK		MALE	MALE	MALE-MALE
88	0.00	0.00	0.00	0.00	0.00	0.00	0.00	0.00	0.00	0.00	0.00	0.00	0.00	0.00	0.00	BUSINESS; CORRESPONDENT	JAMES AND JOHN HAYS	SAMUEL JEAKE JR	"JAMES AND JOHN HAYS", "SAMUEL JEAKE JR"	1679	1670-1679	1675-1679	UNK	1652	UNK	1640-1680	UNK	UNK	FALSE	UNK		MALE	MALE	MALE-MALE
89	0.00	0.00	0.00	0.00	0.00	0.00	0.00	0.00	0.00	0.00	0.00	0.00	0.00	0.00	0.00	BUSINESS; CORRESPONDENT	SAMUEL JEAKE JR	PETER SWYMMER	"SAMUEL JEAKE JR", "PETER SWYMMER"	1679	1670-1679	1675-1679	1652	UNK	1640-1680	1600-1640	FALSE	FALSE	UNK	UNK		MALE	MALE	MALE-MALE
90	16.48	0.00	16.48	0.00	0.00	0.00	0.00	0.00	0.00	0.00	0.00	16.48	0.00	0.00	0.00	BUSINESS; CORRESPONDENT	BERNARD COUDERT	SAMUEL JEAKE JR	"BERNARD COUDERT", "SAMUEL JEAKE JR"	1679	1670-1679	1675-1679	UNK	1652	UNK	1640-1680	UNK	UNK	FALSE	UNK		MALE	MALE	MALE-MALE
91	0.00	0.00	0.00	0.00	0.00	0.00	0.00	0.00	0.00	0.00	0.00	0.00	0.00	0.00	0.00	EXTENDED FAMILY	JOHN MACKLEY	SAMUEL JEAKE JR	"JOHN MACKLEY", "SAMUEL JEAKE JR"	1679	1670-1679	1675-1679	UNK	1652	1640-1680	1640-1680	UNK	FALSE	FALSE	UNK		MALE	MALE	MALE-MALE
92	0.00	0.00	0.00	0.00	0.00	0.00	0.00	0.00	0.00	0.00	0.00	0.00	0.00	0.00	0.00	EXTENDED FAMILY	ELIZABETH MACKLEY	SAMUEL JEAKE JR	"ELIZABETH MACKLEY", "SAMUEL JEAKE JR"	1679	1670-1679	1675-1679	UNK	1652	1640-1680	1640-1680	UNK	FALSE	FALSE	UNK		FEMALE	MALE	FEMALE-MALE
93	0.00	0.00	0.00	0.00	0.00	0.00	0.00	0.00	0.00	0.00	0.00	0.00	0.00	0.00	0.00	EXTENDED FAMILY	ELIZABETH MACKLEY	SAMUEL JEAKE JR	"ELIZABETH MACKLEY", "SAMUEL JEAKE JR"	1679	1670-1679	1675-1679	UNK	1652	1640-1680	1640-1680	UNK	FALSE	FALSE	UNK		FEMALE	MALE	FEMALE-MALE
94	0.00	0.00	0.00	0.00	0.00	0.00	0.00	0.00	0.00	0.00	0.00	0.00	0.00	0.00	0.00	EXTENDED FAMILY	JOHN MACKLEY	SAMUEL JEAKE JR	"JOHN MACKLEY", "SAMUEL JEAKE JR"	1679	1670-1679	1675-1679	UNK	1652	1640-1680	1640-1680	UNK	FALSE	FALSE	UNK		MALE	MALE	MALE-MALE
95	0.00	0.00	0.00	0.00	0.00	0.00	0.00	0.00	0.00	0.00	0.00	0.00	0.00	0.00	0.00	EXTENDED FAMILY	JOHN MACKLEY	SAMUEL JEAKE JR	"JOHN MACKLEY", "SAMUEL JEAKE JR"	1679	1670-1679	1675-1679	UNK	1652	1640-1680	1640-1680	UNK	FALSE	FALSE	UNK		MALE	MALE	MALE-MALE
96	0.00	0.00	0.00	0.00	0.00	0.00	0.00	0.00	0.00	0.00	0.00	0.00	0.00	0.00	0.00	BUSINESS; CORRESPONDENT	THOMAS MORRIS	SAMUEL JEAKE JR	"THOMAS MORRIS", "SAMUEL JEAKE JR"	1679	1670-1679	1675-1679	UNK	1652	UNK	1640-1680	UNK	UNK	FALSE	UNK		MALE	MALE	MALE-MALE
97	0.00	0.00	0.00	0.00	0.00	0.00	0.00	0.00	0.00	0.00	0.00	0.00	0.00	0.00	0.00	EXTENDED FAMILY	JOHN MACKLEY	SAMUEL JEAKE JR	"JOHN MACKLEY", "SAMUEL JEAKE JR"	1679	1670-1679	1675-1679	UNK	1652	1640-1680	1640-1680	UNK	UNK	FALSE	UNK		MALE	MALE	MALE-MALE
98	0.00	0.00	0.00	0.00	0.00	0.00	0.00	0.00	0.00	0.00	0.00	0.00	0.00	0.00	0.00	BUSINESS; CORRESPONDENT	D. LESPORT	SAMUEL JEAKE JR	"D. LESPORT", "SAMUEL JEAKE JR"	1679	1670-1679	1675-1679	UNK	1652	UNK	1640-1680	UNK	UNK	FALSE	UNK		MALE	MALE	MALE-MALE
99	0.00	0.00	0.00	0.00	0.00	0.00	0.00	0.00	0.00	0.00	0.00	0.00	0.00	0.00	0.00	BUSINESS; CORRESPONDENT	RICHARD PICKERSGILL	SAMUEL JEAKE JR	"RICHARD PICKERSGILL", "SAMUEL JEAKE JR"	1680	1680-1689	1680-1684	UNK	1652	UNK	1640-1680	UNK	UNK	FALSE	UNK		MALE	MALE	MALE-MALE
100	0.00	0.00	0.00	0.00	0.00	0.00	0.00	0.00	0.00	0.00	0.00	0.00	0.00	0.00	0.00	EXTENDED FAMILY	ELIZABETH DIGHTON	SAMUEL JEAKE JR	"ELIZABETH DIGHTON", "SAMUEL JEAKE JR"	1680	1680-1689	1680-1684	1623	1652	1600-1640	1640-1680	TRUE	TRUE	FALSE	TRUE	29	FEMALE	MALE	FEMALE-MALE
101	0.00	0.00	0.00	0.00	0.00	0.00	0.00	0.00	0.00	0.00	0.00	0.00	0.00	0.00	0.00	EXTENDED FAMILY	JOHN MACKLEY	SAMUEL JEAKE JR	"JOHN MACKLEY", "SAMUEL JEAKE JR"	1680	1680-1689	1680-1684	UNK	1652	1640-1680	1640-1680	UNK	UNK	FALSE	UNK		MALE	MALE	MALE-MALE
102	0.00	0.00	0.00	0.00	0.00	0.00	0.00	0.00	0.00	0.00	0.00	0.00	0.00	0.00	0.00	EXTENDED FAMILY	JOHN MACKLEY	SAMUEL JEAKE JR	"JOHN MACKLEY", "SAMUEL JEAKE JR"	1680	1680-1689	1680-1684	UNK	1652	1640-1680	1640-1680	UNK	UNK	FALSE	UNK		MALE	MALE	MALE-MALE
103	0.00	0.00	0.00	0.00	0.00	0.00	0.00	0.00	0.00	0.00	0.00	0.00	0.00	0.00	0.00	EXTENDED FAMILY	ANN WIGHTMAN	SAMUEL JEAKE JR	"ANN WIGHTMAN", "SAMUEL JEAKE JR"	1680	1680-1689	1680-1684	UNK	1652	UNK	1640-1680	UNK	UNK	FALSE	UNK		FEMALE	MALE	FEMALE-MALE
104	0.00	0.00	0.00	0.00	0.00	0.00	0.00	0.00	0.00	0.00	0.00	0.00	0.00	0.00	0.00	EXTENDED FAMILY	JOHN MACKLEY	SAMUEL JEAKE JR	"JOHN MACKLEY", "SAMUEL JEAKE JR"	1680	1680-1689	1680-1684	UNK	1652	1640-1680	1640-1680	UNK	UNK	FALSE	UNK		MALE	MALE	MALE-MALE
105	0.00	0.00	0.00	0.00	0.00	0.00	0.00	0.00	0.00	0.00	0.00	0.00	0.00	0.00	0.00	EXTENDED FAMILY	ANN WIGHTMAN	SAMUEL JEAKE JR	"ANN WIGHTMAN", "SAMUEL JEAKE JR"	1680	1680-1689	1680-1684	UNK	1652	UNK	1640-1680	UNK	UNK	FALSE	UNK		FEMALE	MALE	FEMALE-MALE
106	0.00	0.00	0.00	0.00	0.00	0.00	0.00	0.00	0.00	0.00	0.00	0.00	0.00	0.00	0.00	FAMILY	CHRISTOPHER BLACKWOOD JR	SAMUEL JEAKE JR	"CHRISTOPHER BLACKWOOD JR", "SAMUEL JEAKE JR"	1680	1680-1689	1680-1684	1650	1652	1640-1680	1640-1680	TRUE	FALSE	FALSE	FALSE	2	MALE	MALE	MALE-MALE
107	0.00	0.00	0.00	0.00	0.00	0.00	0.00	0.00	0.00	0.00	0.00	0.00	0.00	0.00	0.00	EXTENDED FAMILY	ANN WIGHTMAN	SAMUEL JEAKE JR	"ANN WIGHTMAN", "SAMUEL JEAKE JR"	1680	1680-1689	1680-1684	UNK	1652	UNK	1640-1680	UNK	UNK	FALSE	UNK		FEMALE	MALE	FEMALE-MALE
108	0.00	0.00	0.00	0.00	0.00	0.00	0.00	0.00	0.00	0.00	0.00	0.00	0.00	0.00	0.00	EXTENDED FAMILY	JOHN MACKLEY	SAMUEL JEAKE JR	"JOHN MACKLEY", "SAMUEL JEAKE JR"	1680	1680-1689	1680-1684	UNK	1652	1640-1680	1640-1680	UNK	UNK	FALSE	UNK		MALE	MALE	MALE-MALE
109	0.00	0.00	0.00	0.00	0.00	0.00	0.00	0.00	0.00	0.00	0.00	0.00	0.00	0.00	0.00	BUSINESS; CORRESPONDENT	MICHEL SAVARY	SAMUEL JEAKE JR	"MICHEL SAVARY", "SAMUEL JEAKE JR"	1680	1680-1689	1680-1684	UNK	1652	UNK	1640-1680	UNK	UNK	FALSE	UNK		MALE	MALE	MALE-MALE
110	0.00	0.00	0.00	0.00	0.00	0.00	0.00	0.00	0.00	0.00	0.00	0.00	0.00	0.00	0.00	EXTENDED FAMILY	JAMES WIGHTMAN	SAMUEL JEAKE JR	"JAMES WIGHTMAN", "SAMUEL JEAKE JR"	1681	1680-1689	1680-1684	UNK	1652	UNK	1640-1680	UNK	UNK	FALSE	UNK		MALE	MALE	MALE-MALE
111	0.00	0.00	0.00	0.00	0.00	0.00	0.00	0.00	0.00	0.00	0.00	0.00	0.00	0.00	0.00	EXTENDED FAMILY	JAMES WIGHTMAN	SAMUEL JEAKE JR	"JAMES WIGHTMAN", "SAMUEL JEAKE JR"	1681	1680-1689	1680-1684	UNK	1652	UNK	1640-1680	UNK	UNK	FALSE	UNK		MALE	MALE	MALE-MALE
112	0.00	0.00	0.00	0.00	0.00	0.00	0.00	0.00	0.00	0.00	0.00	0.00	0.00	0.00	0.00	BUSINESS; FRIEND	MARK CHISWELL	SAMUEL JEAKE JR	"MARK CHISWELL", "SAMUEL JEAKE JR"	1681	1680-1689	1680-1684	UNK	1652	UNK	1640-1680	UNK	UNK	FALSE	UNK		MALE	MALE	MALE-MALE
113	0.00	0.00	0.00	0.00	0.00	0.00	0.00	0.00	0.00	0.00	0.00	0.00	0.00	0.00	0.00	EXTENDED FAMILY	JOHN MACKLEY	SAMUEL JEAKE JR	"JOHN MACKLEY", "SAMUEL JEAKE JR"	1680	1680-1689	1680-1684	UNK	1652	1640-1680	1640-1680	UNK	UNK	FALSE	UNK		MALE	MALE	MALE-MALE
114	0.00	0.00	0.00	0.00	0.00	0.00	0.00	0.00	0.00	0.00	0.00	0.00	0.00	0.00	0.00	EXTENDED FAMILY	JOHN MACKLEY	SAMUEL JEAKE JR	"JOHN MACKLEY", "SAMUEL JEAKE JR"	1681	1680-1689	1680-1684	UNK	1652	1640-1680	1640-1680	UNK	UNK	FALSE	UNK		MALE	MALE	MALE-MALE
115	0.00	0.00	0.00	0.00	0.00	0.00	0.00	0.00	0.00	0.00	0.00	0.00	0.00	0.00	0.00	EXTENDED FAMILY	JAMES WIGHTMAN	SAMUEL JEAKE JR	"JAMES WIGHTMAN", "SAMUEL JEAKE JR"	1681	1680-1689	1680-1684	UNK	1652	UNK	1640-1680	UNK	UNK	FALSE	UNK		MALE	MALE	MALE-MALE
116	0.00	0.00	0.00	0.00	0.00	0.00	0.00	0.00	0.00	0.00	0.00	0.00	0.00	0.00	0.00	EXTENDED FAMILY	JAMES WIGHTMAN	SAMUEL JEAKE JR	"JAMES WIGHTMAN", "SAMUEL JEAKE JR"		1680-1689	1680-1684	UNK	1652	UNK	1640-1680	UNK	UNK	FALSE	UNK		MALE	MALE	MALE-MALE
117	0.00	0.00	0.00	0.00	0.00	0.00	0.00	0.00	0.00	0.00	0.00	0.00	0.00	0.00	0.00	EXTENDED FAMILY	ANN WIGHTMAN	SAMUEL JEAKE JR	"ANN WIGHTMAN", "SAMUEL JEAKE JR"	1681	1680-1689	1680-1684	UNK	1652	UNK	1640-1680	UNK	UNK	FALSE	UNK		FEMALE	MALE	FEMALE-MALE
118	0.00	0.00	0.00	0.00	0.00	0.00	0.00	0.00	0.00	0.00	0.00	0.00	0.00	0.00	0.00	EXTENDED FAMILY	ELIZABETH DIGHTON	SAMUEL JEAKE JR	"ELIZABETH DIGHTON", "SAMUEL JEAKE JR"	1681	1680-1689	1680-1684	1623	1652	1600-1640	1640-1680	TRUE	TRUE	FALSE	TRUE	29	FEMALE	MALE	FEMALE-MALE
119	0.00	0.00	6.88	0.00	0.00	0.00	0.00	0.00	0.00	0.00	6.88	0.00	0.00	0.00	0.00	EXTENDED FAMILY	JAMES WIGHTMAN	SAMUEL JEAKE JR	"JAMES WIGHTMAN", "SAMUEL JEAKE JR"	1681	1680-1689	1680-1684	UNK	1652	UNK	1640-1680	UNK	UNK	FALSE	UNK		MALE	MALE	MALE-MALE
120	0.00	0.00	0.00	0.00	0.00	0.00	0.00	0.00	0.00	0.00	0.00	0.00	0.00	0.00	0.00	EXTENDED FAMILY	JAMES WIGHTMAN	SAMUEL JEAKE JR	"JAMES WIGHTMAN", "SAMUEL JEAKE JR"		1680-1689	1680-1684	UNK	1652	UNK	1640-1680	UNK	UNK	FALSE	UNK		MALE	MALE	MALE-MALE
121	0.00	0.00	0.00	0.00	0.00	0.00	0.00	0.00	0.00	0.00	0.00	0.00	0.00	0.00	0.00	EXTENDED FAMILY	JAMES WIGHTMAN	SAMUEL JEAKE JR	"JAMES WIGHTMAN", "SAMUEL JEAKE JR"	1681	1680-1689	1680-1684	UNK	1652	UNK	1640-1680	UNK	UNK	FALSE	UNK		MALE	MALE	MALE-MALE
122	0.00	0.00	0.00	0.00	0.00	0.00	0.00	0.00	0.00	0.00	0.00	0.00	0.00	0.00	0.00	EXTENDED FAMILY	JAMES WIGHTMAN	SAMUEL JEAKE JR	"JAMES WIGHTMAN", "SAMUEL JEAKE JR"	1681	1680-1689	1680-1684	UNK	1652	UNK	1640-1680	UNK	UNK	FALSE	UNK		MALE	MALE	MALE-MALE
123	6.86	0.00	0.00	0.00	0.00	0.00	6.88	0.00	0.00	0.00	0.00	0.00	0.00	0.00	6.88	EXTENDED FAMILY	JOHN MACKLEY	SAMUEL JEAKE JR	"JOHN MACKLEY", "SAMUEL JEAKE JR"	1681	1680-1689	1680-1684	UNK	1652	1640-1680	1640-1680	UNK	UNK	FALSE	UNK		MALE	MALE	MALE-MALE
124	6.86	0.00	6.88	0.00	0.00	0.00	0.00	0.00	0.00	0.00	0.00	6.88	0.00	0.00	0.00	EXTENDED FAMILY	JAMES WIGHTMAN	SAMUEL JEAKE JR	"JAMES WIGHTMAN", "SAMUEL JEAKE JR"	1681	1680-1689	1680-1684	UNK	1652	UNK	1640-1680	UNK	UNK	FALSE	UNK		MALE	MALE	MALE-MALE
125	0.00	0.00	0.00	0.00	0.00	6.88	0.00	0.00	0.00	0.00	0.00	0.00	0.00	0.00	6.88	EXTENDED FAMILY	JOHN MACKLEY	SAMUEL JEAKE JR	"JOHN MACKLEY", "SAMUEL JEAKE JR"	1681	1680-1689	1680-1684	UNK	1652	1640-1680	1640-1680	UNK	UNK	FALSE	UNK		MALE	MALE	MALE-MALE
126	0.00	0.00	0.00	0.00	0.00	0.00	0.00	0.00	0.00	0.00	0.00	0.00	0.00	0.00	0.00	FAMILY	NATHANIEL HARTSHORNE	SAMUEL JEAKE JR	"NATHANIEL HARTSHORNE", "SAMUEL JEAKE JR"	1681	1680-1689	1680-1684	1644	1652	1640-1680	1640-1680	TRUE	FALSE	FALSE	FALSE	8	MALE	MALE	MALE-MALE
129	0.00	0.00	0.00	0.00	0.00	0.00	0.00	0.00	0.00	0.00	0.00	0.00	0.00	0.00	0.00	EXTENDED FAMILY	JOHN MACKLEY	SAMUEL JEAKE JR	"JOHN MACKLEY", "SAMUEL JEAKE JR"	1681	1680-1689	1680-1684	UNK	1652	1640-1680	1640-1680	UNK	UNK	FALSE	UNK		MALE	MALE	MALE-MALE
130	0.00	0.00	0.00	0.00	0.00	0.00	0.00	0.00	0.00	0.00	0.00	0.00	0.00	0.00	0.00	EXTENDED FAMILY	ANN WIGHTMAN	ELIZABETH JEAKE	"ANN WIGHTMAN", "ELIZABETH JEAKE"	1681	1680-1689	1680-1684	UNK	1667	UNK	1640-1680	UNK	UNK	FALSE	UNK		FEMALE	FEMALE	FEMALE-FEMALE
131	0.00	0.00	0.00	0.00	0.00	0.00	0.00	0.00	0.00	0.00	0.00	0.00	0.00	0.00	0.00	BUSINESS; CORRESPONDENT	MICHEL SAVARY	SAMUEL JEAKE JR	"MICHEL SAVARY", "SAMUEL JEAKE JR"	1681	1680-1689	1680-1684	UNK	1652	UNK	1640-1680	UNK	UNK	FALSE	UNK		MALE	MALE	MALE-MALE
132	0.00	0.00	0.00	0.00	0.00	0.00	0.00	0.00	0.00	0.00	0.00	0.00	0.00	0.00	0.00	EXTENDED FAMILY	JAMES WIGHTMAN	SAMUEL JEAKE JR	"JAMES WIGHTMAN", "SAMUEL JEAKE JR"	1682	1680-1689	1680-1684	UNK	1652	UNK	1640-1680	UNK	UNK	FALSE	UNK		MALE	MALE	MALE-MALE
135	321.80	0.00	0.00	0.00	16.76	0.00	0.00	0.00	33.52	0.00	0.00	0.00	0.00	67.05	0.00	FRIEND	JOHN OSMONTON	SAMUEL JEAKE JR	"JOHN OSMONTON", "SAMUEL JEAKE JR"	1682	1680-1689	1680-1684	UNK	1652	UNK	1640-1680	UNK	UNK	FALSE	UNK		MALE	MALE	MALE-MALE
136	0.00	0.00	0.00	0.00	0.00	0.00	0.00	0.00	0.00	0.00	0.00	0.00	0.00	0.00	0.00	FAMILY	NATHANIEL HARTSHORNE	ELIZABETH JEAKE	"NATHANIEL HARTSHORNE", "ELIZABETH JEAKE"	1682	1680-1689	1680-1684	1644	1667	1640-1680	1640-1680	TRUE	FALSE	FALSE	TRUE	23	MALE	FEMALE	MALE-FEMALE
137	0.00	0.00	0.00	0.00	0.00	0.00	0.00	0.00	0.00	0.00	0.00	0.00	0.00	0.00	0.00	EXTENDED FAMILY	ELIZABETH MACKLEY	ELIZABETH JEAKE	"ELIZABETH MACKLEY", "ELIZABETH JEAKE"	1682	1680-1689	1680-1684	UNK	1667	1640-1680	1640-1680	UNK	UNK	FALSE	UNK		FEMALE	FEMALE	FEMALE-FEMALE
138	0.00	0.00	0.00	0.00	0.00	0.00	0.00	0.00	0.00	0.00	0.00	0.00	0.00	0.00	0.00	FAMILY	NATHANIEL HARTSHORNE	SAMUEL JEAKE JR	"NATHANIEL HARTSHORNE", "SAMUEL JEAKE JR"	1682	1680-1689	1680-1684	1644	1652	1640-1680	1640-1680	TRUE	FALSE	FALSE	FALSE	8	MALE	MALE	MALE-MALE
139	0.00	0.00	0.00	0.00	0.00	0.00	0.00	0.00	0.00	0.00	0.00	0.00	0.00	0.00	0.00	EXTENDED FAMILY	JOHN MACKLEY	SAMUEL JEAKE JR	"JOHN MACKLEY", "SAMUEL JEAKE JR"	1682	1680-1689	1680-1684	UNK	1652	1640-1680	1640-1680	UNK	UNK	FALSE	UNK		MALE	MALE	MALE-MALE
140	0.00	0.00	0.00	0.00	0.00	0.00	0.00	0.00	0.00	0.00	0.00	0.00	0.00	0.00	0.00	EXTENDED FAMILY	JAMES WIGHTMAN	SAMUEL JEAKE JR	"JAMES WIGHTMAN", "SAMUEL JEAKE JR"	1682	1680-1689	1680-1684	UNK	1652	UNK	1640-1680	UNK	UNK	FALSE	UNK		MALE	MALE	MALE-MALE
141	0.00	0.00	0.00	0.00	0.00	0.00	0.00	0.00	0.00	0.00	0.00	0.00	0.00	0.00	0.00	EXTENDED FAMILY	JOHN JAYE	SAMUEL JEAKE JR	"JOHN JAYE", "SAMUEL JEAKE JR"	1682	1680-1689	1680-1684	UNK	1652	1640-1680	1640-1680	UNK	UNK	FALSE	UNK		MALE	MALE	MALE-MALE
142	0.00	0.00	0.00	0.00	0.00	0.00	0.00	0.00	0.00	0.00	0.00	0.00	0.00	0.00	0.00	BUSINESS; CORRESPONDENT	JOHN MEDLEY	BARBARA HARTSHORNE	"JOHN MEDLEY", "BARBARA HARTSHORNE"	1682	1680-1689	1680-1684	UNK	UNK	UNK	1600-1640	UNK	UNK	UNK	UNK		MALE	FEMALE	MALE-FEMALE
143	0.00	0.00	0.00	0.00	0.00	0.00	0.00	0.00	0.00	0.00	0.00	0.00	0.00	0.00	0.00	BUSINESS; CORRESPONDENT	JOHN MEDLEY	BARBARA HARTSHORNE	"JOHN MEDLEY", "BARBARA HARTSHORNE"	1682	1680-1689	1680-1684	UNK	UNK	UNK	1600-1640	UNK	UNK	UNK	UNK		MALE	FEMALE	MALE-FEMALE
144	0.00	0.00	0.00	0.00	0.00	0.00	1.73	0.00	0.00	0.00	0.00	0.00	0.00	3.46	0.00	FAMILY	SAMUEL JEAKE SR	SAMUEL JEAKE JR	"SAMUEL JEAKE SR", "SAMUEL JEAKE JR"	1682	1680-1689	1680-1684	1623	1652	1600-1640	1640-1680	TRUE	TRUE	FALSE	TRUE	29	MALE	MALE	MALE-MALE
145	0.00	0.00	0.00	0.00	0.00	0.00	0.00	1.73	0.00	0.00	0.00	0.00	0.00	0.00	0.00	FAMILY	SAMUEL JEAKE SR	SAMUEL JEAKE JR	"SAMUEL JEAKE SR", "SAMUEL JEAKE JR"		1680-1689		1623	1652	1600-1640	1640-1680	TRUE	TRUE	FALSE	TRUE	29	MALE	MALE	MALE-MALE
146	1.69	0.00	0.00	0.00	0.00	0.00	0.00	0.00	1.73	0.00	0.00	0.00	0.00	0.00	0.00	FAMILY	SAMUEL JEAKE SR	SAMUEL JEAKE JR	"SAMUEL JEAKE SR", "SAMUEL JEAKE JR"	1683	1680-1689	1680-1684	1623	1652	1600-1640	1640-1680	TRUE	TRUE	FALSE	TRUE	29	MALE	MALE	MALE-MALE
147	0.00	0.00	0.00	0.00	0.00	0.00	0.00	0.00	0.00	0.00	0.00	0.00	0.00	0.00	0.00	FAMILY	SAMUEL JEAKE SR	ELIZABETH JEAKE	"SAMUEL JEAKE SR", "ELIZABETH JEAKE"	1683	1680-1689	1680-1684	1623	1667	1600-1640	1640-1680	TRUE	TRUE	FALSE	TRUE	44	MALE	FEMALE	MALE-FEMALE
148	3.37	0.00	0.00	0.00	1.73	0.00	0.00	1.73	0.00	0.00	0.00	0.00	3.46	0.00	0.00	FAMILY	SAMUEL JEAKE SR	SAMUEL JEAKE JR	"SAMUEL JEAKE SR", "SAMUEL JEAKE JR"	1683	1680-1689	1680-1684	1623	1652	1600-1640	1640-1680	TRUE	TRUE	FALSE	TRUE	29	MALE	MALE	MALE-MALE
149	6.74	0.00	0.00	0.00	0.00	1.73	0.00	1.73	1.73	1.73	0.00	0.00	3.46	3.46	0.00	FAMILY	SAMUEL JEAKE SR	SAMUEL JEAKE JR	"SAMUEL JEAKE SR", "SAMUEL JEAKE JR"	1683	1680-1689	1680-1684	1623	1652	1600-1640	1640-1680	TRUE	TRUE	FALSE	TRUE	29	MALE	MALE	MALE-MALE
150	1.69	0.00	0.00	0.00	1.73	0.00	0.00	0.00	0.00	0.00	0.00	0.00	1.73	0.00	0.00	FAMILY	SAMUEL JEAKE SR	SAMUEL JEAKE JR	"SAMUEL JEAKE SR", "SAMUEL JEAKE JR"	1683	1680-1689	1680-1684	1623	1652	1600-1640	1640-1680	TRUE	TRUE	FALSE	TRUE	29	MALE	MALE	MALE-MALE
151	1.69	0.00	0.00	0.00	0.00	0.00	0.00	0.00	1.73	1.73	0.00	0.00	3.46	0.00	0.00	FAMILY	SAMUEL JEAKE SR	SAMUEL JEAKE JR	"SAMUEL JEAKE SR", "SAMUEL JEAKE JR"	1683	1680-1689	1680-1684	1623	1652	1600-1640	1640-1680	TRUE	TRUE	FALSE	TRUE	29	MALE	MALE	MALE-MALE
152	10.11	0.00	0.00	0.00	1.73	0.00	1.73	1.73	1.73	1.73	0.00	0.00	0.00	5.19	1.73	FAMILY	SAMUEL JEAKE SR	SAMUEL JEAKE JR	"SAMUEL JEAKE SR", "SAMUEL JEAKE JR"	1683	1680-1689	1680-1684	1623	1652	1600-1640	1640-1680	TRUE	TRUE	FALSE	TRUE	29	MALE	MALE	MALE-MALE
153	0.00	0.00	0.00	0.00	0.00	0.00	0.00	1.73	0.00	0.00	0.00	0.00	0.00	0.00	0.00	FAMILY	SAMUEL JEAKE SR	SAMUEL JEAKE JR	"SAMUEL JEAKE SR", "SAMUEL JEAKE JR"	1683	1680-1689	1680-1684	1623	1652	1600-1640	1640-1680	TRUE	TRUE	FALSE	TRUE	29	MALE	MALE	MALE-MALE
154	0.00	0.00	0.00	0.00	0.00	0.00	0.00	0.00	0.00	0.00	0.00	0.00	0.00	0.00	0.00	FAMILY	BARBARA HARTSHORNE	SAMUEL JEAKE JR	"BARBARA HARTSHORNE", "SAMUEL JEAKE JR"	1683	1680-1689	1680-1684	UNK	1652	1600-1640	1640-1680	TRUE	TRUE	FALSE	UNK		FEMALE	MALE	FEMALE-MALE
155	1.69	0.00	0.00	0.00	0.00	0.00	1.73	0.00	0.00	0.00	0.00	0.00	1.73	0.00	0.00	FAMILY	SAMUEL JEAKE SR	SAMUEL JEAKE JR	"SAMUEL JEAKE SR", "SAMUEL JEAKE JR"	1683	1680-1689	1680-1684	1623	1652	1600-1640	1640-1680	TRUE	TRUE	FALSE	TRUE	29	MALE	MALE	MALE-MALE
156	11.80	0.00	0.00	0.00	1.73	0.00	0.00	1.73	0.00	0.00	0.00	0.00	0.00	0.00	0.00	FAMILY	SAMUEL JEAKE SR	SAMUEL JEAKE JR	"SAMUEL JEAKE SR", "SAMUEL JEAKE JR"	1683	1680-1689	1680-1684	1623	1652	1600-1640	1640-1680	TRUE	TRUE	FALSE	TRUE	29	MALE	MALE	MALE-MALE
157	0.00	0.00	0.00	0.00	0.00	0.00	0.00	0.00	0.00	0.00	0.00	0.00	0.00	0.00	0.00	FAMILY	ELIZABETH JEAKE	SAMUEL JEAKE JR	"ELIZABETH JEAKE", "SAMUEL JEAKE JR"	1683	1680-1689	1680-1684	1667	1652	1640-1680	1640-1680	FALSE	FALSE	FALSE	FALSE	15	FEMALE	MALE	FEMALE-MALE
158	0.00	0.00	0.00	0.00	0.00	0.00	0.00	0.00	0.00	0.00	0.00	0.00	0.00	0.00	0.00	FAMILY	ELIZABETH JEAKE	SAMUEL JEAKE JR	"ELIZABETH JEAKE", "SAMUEL JEAKE JR"		1680-1689		1667	1652	1640-1680	1640-1680	FALSE	FALSE	FALSE	FALSE	15	FEMALE	MALE	FEMALE-MALE
159	0.00	0.00	0.00	0.00	0.00	0.00	0.00	0.00	0.00	0.00	0.00	0.00	0.00	0.00	0.00	FAMILY	SAMUEL JEAKE SR	SAMUEL JEAKE JR	"SAMUEL JEAKE SR", "SAMUEL JEAKE JR"	1683	1680-1689	1680-1684	1623	1652	1600-1640	1640-1680	TRUE	TRUE	FALSE	TRUE	29	MALE	MALE	MALE-MALE
160	1.69	0.00	0.00	0.00	0.00	0.00	1.73	0.00	0.00	0.00	0.00	0.00	0.00	1.73	0.00	FAMILY	NATHANIEL HARTSHORNE	BARBARA HARTSHORNE	"NATHANIEL HARTSHORNE", "BARBARA HARTSHORNE"		1680-1689		1644	UNK	1640-1680	1600-1640	FALSE	TRUE	TRUE	TRUE		MALE	FEMALE	MALE-FEMALE
161	1.69	0.00	0.00	5.19	0.00	0.00	0.00	0.00	0.00	0.00	0.00	0.00	0.00	5.19	0.00	FAMILY	NATHANIEL HARTSHORNE	BARBARA HARTSHORNE	"NATHANIEL HARTSHORNE", "BARBARA HARTSHORNE"		1680-1689		1644	UNK	1640-1680	1600-1640	FALSE	TRUE	TRUE	TRUE		MALE	FEMALE	MALE-FEMALE
163	0.00	0.00	0.00	0.00	0.00	0.00	0.00	0.00	0.00	0.00	0.00	0.00	0.00	0.00	0.00	FAMILY	BARBARA HARTSHORNE	SAMUEL JEAKE JR	"BARBARA HARTSHORNE", "SAMUEL JEAKE JR"	1683	1680-1689	1680-1684	UNK	1652	1600-1640	1640-1680	TRUE	TRUE	FALSE	UNK		FEMALE	MALE	FEMALE-MALE
164	1.69	0.00	0.00	0.00	0.00	0.00	1.73	0.00	0.00	0.00	0.00	0.00	1.73	0.00	0.00	FAMILY	BARBARA HARTSHORNE	SAMUEL JEAKE JR	"BARBARA HARTSHORNE", "SAMUEL JEAKE JR"	1683	1680-1689	1680-1684	UNK	1652	1600-1640	1640-1680	TRUE	TRUE	FALSE	UNK		FEMALE	MALE	FEMALE-MALE
165	1.69	0.00	0.00	1.73	0.00	0.00	1.73	0.00	0.00	0.00	0.00	0.00	1.73	0.00	0.00	FAMILY	NATHANIEL HARTSHORNE	BARBARA HARTSHORNE	"NATHANIEL HARTSHORNE", "BARBARA HARTSHORNE"		1680-1689		1644	UNK	1640-1680	1600-1640	FALSE	FALSE	TRUE	TRUE		MALE	FEMALE	MALE-FEMALE
168	0.00	0.00	0.00	0.00	0.00	0.00	0.00	0.00	0.00	0.00	0.00	0.00	0.00	0.00	0.00	FAMILY	BARBARA HARTSHORNE	SAMUEL JEAKE JR	"BARBARA HARTSHORNE", "SAMUEL JEAKE JR"	1684	1680-1689	1680-1684	UNK	1652	1600-1640	1640-1680	TRUE	TRUE	FALSE	UNK		FEMALE	MALE	FEMALE-MALE
169	10.54	0.00	0.00	0.00	0.00	0.00	0.00	10.54	0.00	0.00	0.00	0.00	0.00	0.00	0.00	BUSINESS; FRIEND	THOMAS MILLER	SAMUEL JEAKE JR	"THOMAS MILLER", "SAMUEL JEAKE JR"	1684	1680-1689	1680-1684	1644	1652	1640-1680	1640-1680	TRUE	TRUE	FALSE	FALSE	8	MALE	MALE	MALE-MALE
170	10.54	0.00	0.00	0.00	0.00	0.00	0.00	0.00	10.54	0.00	0.00	0.00	10.54	0.00	0.00	BUSINESS; FRIEND	THOMAS MILLER	SAMUEL JEAKE JR	"THOMAS MILLER", "SAMUEL JEAKE JR"	1684	1680-1689	1680-1684	1644	1652	1640-1680	1640-1680	TRUE	TRUE	FALSE	FALSE	8	MALE	MALE	MALE-MALE
171	21.07	0.00	0.00	0.00	0.00	0.00	21.07	0.00	0.00	0.00	0.00	0.00	10.54	0.00	0.00	BUSINESS; FRIEND	THOMAS MILLER	SAMUEL JEAKE JR	"THOMAS MILLER", "SAMUEL JEAKE JR"	1684	1680-1689	1680-1684	1644	1652	1640-1680	1640-1680	TRUE	TRUE	FALSE	FALSE	8	MALE	MALE	MALE-MALE
172	0.00	0.00	0.00	0.00	0.00	0.00	0.00	0.00	0.00	0.00	0.00	0.00	0.00	0.00	0.00	BUSINESS; FRIEND	THOMAS MILLER	SAMUEL JEAKE JR	"THOMAS MILLER", "SAMUEL JEAKE JR"	1684	1680-1689	1680-1684	1644	1652	1640-1680	1640-1680	TRUE	TRUE	FALSE	FALSE	8	MALE	MALE	MALE-MALE
173	0.00	0.00	0.00	0.00	0.00	0.00	0.00	0.00	0.00	0.00	0.00	0.00	0.00	0.00	0.00	FAMILY	SAMUEL JEAKE SR	SAMUEL JEAKE JR	"SAMUEL JEAKE SR", "SAMUEL JEAKE JR"	1684	1680-1689	1680-1684	1623	1652	1600-1640	1640-1680	TRUE	TRUE	FALSE	TRUE	29	MALE	MALE	MALE-MALE
174	0.00	0.00	0.00	0.00	0.00	0.00	0.00	0.00	0.00	0.00	0.00	0.00	0.00	0.00	0.00	BUSINESS; FRIEND	THOMAS MILLER	SAMUEL JEAKE JR	"THOMAS MILLER", "SAMUEL JEAKE JR"	1684	1680-1689	1680-1684	1644	1652	1640-1680	1640-1680	TRUE	TRUE	FALSE	FALSE	8	MALE	MALE	MALE-MALE
175	0.00	0.00	0.00	0.00	0.00	0.00	0.00	0.00	0.00	0.00	0.00	0.00	0.00	0.00	0.00	EXTENDED FAMILY	JOHN JAYE	SAMUEL JEAKE JR	"JOHN JAYE", "SAMUEL JEAKE JR"	1684	1680-1689	1680-1684	UNK	1652	1640-1680	1640-1680	UNK	UNK	FALSE	UNK		MALE	MALE	MALE-MALE
176	20.59	0.00	0.00	0.00	0.00	0.00	0.00	0.00	0.00	0.00	0.00	0.00	0.00	0.00	0.00	EXTENDED FAMILY	JOHN JAYE	SAMUEL JEAKE JR	"JOHN JAYE", "SAMUEL JEAKE JR"	1684	1680-1689	1680-1684	UNK	1652	1640-1680	1640-1680	UNK	UNK	FALSE	UNK		MALE	MALE	MALE-MALE
177	5.06	0.00	0.00	0.00	0.00	0.00	0.00	1.73	0.00	1.73	0.00	0.00	0.00	0.00	0.00	FAMILY	SAMUEL JEAKE SR	SAMUEL JEAKE JR	"SAMUEL JEAKE SR", "SAMUEL JEAKE JR"	1684	1680-1689	1680-1684	1623	1652	1600-1640	1640-1680	TRUE	TRUE	FALSE	TRUE	29	MALE	MALE	MALE-MALE
178	21.07	0.00	0.00	0.00	0.00	10.54	10.54	0.00	0.00	0.00	0.00	0.00	10.54	10.54	0.00	BUSINESS; FRIEND	THOMAS MILLER	SAMUEL JEAKE JR	"THOMAS MILLER", "SAMUEL JEAKE JR"	1684	1680-1689	1680-1684	1644	1652	1640-1680	1640-1680	TRUE	TRUE	FALSE	FALSE	8	MALE	MALE	MALE-MALE
179	0.00	0.00	0.00	0.00	6.88	13.75	0.00	0.00	0.00	0.00	0.00	0.00	13.75	0.00	0.00	EXTENDED FAMILY	JOHN JAYE	SAMUEL JEAKE JR	"JOHN JAYE", "SAMUEL JEAKE JR"	1684	1680-1689	1680-1684	UNK	1652	1640-1680	1640-1680	UNK	UNK	FALSE	UNK		MALE	MALE	MALE-MALE
180	3.37	0.00	0.00	0.00	0.00	0.00	0.00	0.00	3.46	0.00	0.00	3.46	0.00	0.00	0.00	FAMILY	SAMUEL JEAKE SR	SAMUEL JEAKE JR	"SAMUEL JEAKE SR", "SAMUEL JEAKE JR"	1684	1680-1689	1680-1684	1623	1652	1600-1640	1640-1680	TRUE	TRUE	FALSE	TRUE	29	MALE	MALE	MALE-MALE
181	0.00	0.00	0.00	0.00	0.00	0.00	0.00	0.00	0.00	0.00	0.00	0.00	0.00	0.00	0.00	FAMILY	SAMUEL JEAKE SR	SAMUEL JEAKE JR	"SAMUEL JEAKE SR", "SAMUEL JEAKE JR"	1684	1680-1689	1680-1684	1623	1652	1600-1640	1640-1680	TRUE	TRUE	FALSE	TRUE	29	MALE	MALE	MALE-MALE
182	0.00	0.00	0.00	0.00	0.00	0.00	0.00	0.00	0.00	0.00	0.00	0.00	0.00	0.00	0.00	BUSINESS; FRIEND	THOMAS MILLER	SAMUEL JEAKE JR	"THOMAS MILLER", "SAMUEL JEAKE JR"	1684	1680-1689	1680-1684	1644	1652	1640-1680	1640-1680	TRUE	TRUE	FALSE	FALSE	8	MALE	MALE	MALE-MALE
183	0.00	0.00	0.00	0.00	0.00	0.00	0.00	0.00	0.00	0.00	0.00	0.00	0.00	0.00	0.00	FAMILY	SAMUEL JEAKE SR	SAMUEL JEAKE JR	"SAMUEL JEAKE SR", "SAMUEL JEAKE JR"	1685	1680-1689	1685-1689	1623	1652	1600-1640	1640-1680	TRUE	TRUE	FALSE	TRUE	29	MALE	MALE	MALE-MALE
184	0.00	0.00	0.00	0.00	0.00	0.00	0.00	0.00	0.00	0.00	0.00	0.00	0.00	0.00	0.00	FAMILY	SAMUEL JEAKE SR	SAMUEL JEAKE JR	"SAMUEL JEAKE SR", "SAMUEL JEAKE JR"	1685	1680-1689	1685-1689	1623	1652	1600-1640	1640-1680	TRUE	TRUE	FALSE	TRUE	29	MALE	MALE	MALE-MALE
185	0.00	0.00	0.00	0.00	0.00	0.00	0.00	0.00	0.00	0.00	0.00	0.00	0.00	0.00	0.00	BUSINESS; FRIEND	THOMAS MILLER	SAMUEL JEAKE JR	"THOMAS MILLER", "SAMUEL JEAKE JR"	1685	1680-1689	1685-1689	1644	1652	1640-1680	1640-1680	TRUE	TRUE	FALSE	FALSE	8	MALE	MALE	MALE-MALE
186	0.00	0.00	0.00	0.00	0.00	0.00	0.00	0.00	0.00	0.00	0.00	0.00	0.00	0.00	0.00	BUSINESS; FRIEND	THOMAS MILLER	SAMUEL JEAKE JR	"THOMAS MILLER", "SAMUEL JEAKE JR"	1685	1680-1689	1685-1689	1644	1652	1640-1680	1640-1680	TRUE	TRUE	FALSE	FALSE	8	MALE	MALE	MALE-MALE
187	3.37	1.73	0.00	0.00	0.00	0.00	0.00	0.00	0.00	0.00	0.00	0.00	3.46	0.00	0.00	FAMILY	SAMUEL JEAKE SR	SAMUEL JEAKE JR	"SAMUEL JEAKE SR", "SAMUEL JEAKE JR"	1685	1680-1689	1685-1689	1623	1652	1600-1640	1640-1680	TRUE	TRUE	FALSE	TRUE	29	MALE	MALE	MALE-MALE
188	0.00	0.00	0.00	0.00	0.00	0.00	0.00	0.00	0.00	0.00	0.00	0.00	0.00	0.00	0.00	BUSINESS; FRIEND	THOMAS MILLER	SAMUEL JEAKE JR	"THOMAS MILLER", "SAMUEL JEAKE JR"	1685	1680-1689	1685-1689	1644	1652	1640-1680	1640-1680	TRUE	TRUE	FALSE	FALSE	8	MALE	MALE	MALE-MALE
189	0.00	0.00	0.00	0.00	0.00	0.00	0.00	0.00	0.00	0.00	0.00	0.00	0.00	0.00	0.00	EXTENDED FAMILY	JOHN JAYE	SAMUEL JEAKE JR	"JOHN JAYE", "SAMUEL JEAKE JR"	1685	1680-1689	1685-1689	UNK	1652	1640-1680	1640-1680	UNK	UNK	FALSE	UNK		MALE	MALE	MALE-MALE
190	0.00	0.00	0.00	0.00	0.00	0.00	0.00	0.00	0.00	0.00	0.00	0.00	0.00	0.00	0.00	BUSINESS; FRIEND	MARK CHISWELL	SAMUEL JEAKE JR	"MARK CHISWELL", "SAMUEL JEAKE JR"	1685	1680-1689	1685-1689	UNK	1652	UNK	1640-1680	UNK	UNK	FALSE	UNK		MALE	MALE	MALE-MALE
191	0.00	0.00	0.00	0.00	0.00	0.00	0.00	0.00	0.00	0.00	0.00	0.00	0.00	0.00	0.00	FAMILY	SAMUEL JEAKE SR	SAMUEL JEAKE JR	"SAMUEL JEAKE SR", "SAMUEL JEAKE JR"	1685	1680-1689	1685-1689	1623	1652	1600-1640	1640-1680	TRUE	TRUE	FALSE	TRUE	29	MALE	MALE	MALE-MALE
192	0.00	0.00	0.00	0.00	0.00	0.00	0.00	0.00	0.00	0.00	0.00	0.00	0.00	0.00	0.00	EXTENDED FAMILY	JOHN MACKLEY	SAMUEL JEAKE JR	"JOHN MACKLEY", "SAMUEL JEAKE JR"	1685	1680-1689	1685-1689	UNK	1652	1640-1680	1640-1680	FALSE	UNK	FALSE	UNK		MALE	MALE	MALE-MALE
193	0.00	0.00	0.00	0.00	0.00	0.00	0.00	0.00	0.00	0.00	0.00	0.00	0.00	0.00	0.00	BUSINESS; FRIEND	THOMAS MILLER	SAMUEL JEAKE JR	"THOMAS MILLER", "SAMUEL JEAKE JR"	1685	1680-1689	1685-1689	1644	1652	1640-1680	1640-1680	TRUE	TRUE	FALSE	FALSE	8	MALE	MALE	MALE-MALE
194	0.00	0.00	0.00	0.00	0.00	0.00	0.00	0.00	0.00	0.00	0.00	0.00	0.00	0.00	0.00	FAMILY	SAMUEL JEAKE JR	ELIZABETH JEAKE	"SAMUEL JEAKE JR", "ELIZABETH JEAKE"	1685	1680-1689	1685-1689	1652	1667	1640-1680	1640-1680	TRUE	FALSE	FALSE	FALSE	15	MALE	FEMALE	MALE-FEMALE
195	0.00	0.00	0.00	0.00	0.00	0.00	0.00	0.00	0.00	0.00	0.00	0.00	0.00	0.00	0.00	FAMILY	ELIZABETH JEAKE	SAMUEL JEAKE JR	"ELIZABETH JEAKE", "SAMUEL JEAKE JR"	1685	1680-1689	1685-1689	1667	1652	1640-1680	1640-1680	FALSE	FALSE	FALSE	FALSE	15	FEMALE	MALE	FEMALE-MALE
196	0.00	0.00	0.00	0.00	0.00	0.00	0.00	0.00	0.00	0.00	0.00	0.00	0.00	0.00	0.00	EXTENDED FAMILY	JOHN JAYE	SAMUEL JEAKE JR	"JOHN JAYE", "SAMUEL JEAKE JR"	1685	1680-1689	1685-1689	UNK	1652	1640-1680	1640-1680	UNK	UNK	FALSE	UNK		MALE	MALE	MALE-MALE
197	10.54	0.00	0.00	0.00	0.00	0.00	10.54	0.00	0.00	0.00	0.00	10.54	0.00	0.00	0.00	BUSINESS; FRIEND	THOMAS MILLER	SAMUEL JEAKE JR	"THOMAS MILLER", "SAMUEL JEAKE JR"	1685	1680-1689	1685-1689	1644	1652	1640-1680	1640-1680	TRUE	TRUE	FALSE	FALSE	8	MALE	MALE	MALE-MALE
198	0.00	0.00	0.00	0.00	0.00	0.00	0.00	0.00	0.00	0.00	0.00	0.00	0.00	0.00	0.00	BUSINESS; FRIEND	THOMAS MILLER	SAMUEL JEAKE JR	"THOMAS MILLER", "SAMUEL JEAKE JR"	1685	1680-1689	1685-1689	1644	1652	1640-1680	1640-1680	TRUE	TRUE	FALSE	FALSE	8	MALE	MALE	MALE-MALE
199	0.00	0.00	0.00	0.00	0.00	0.00	0.00	0.00	0.00	0.00	0.00	0.00	0.00	0.00	0.00	BUSINESS; FRIEND	THOMAS MILLER	BARBARA HARTSHORNE AND SAMUEL JEAKE JR	"THOMAS MILLER", "BARBARA HARTSHORNE AND SAMUEL JEAKE JR"	1685	1680-1689	1685-1689	1644	MULT	1640-1680	1640-1680	MULT	TRUE	MULT	UNK		MALE	MULT	MALE-MULT
200	0.00	0.00	0.00	0.00	0.00	0.00	0.00	0.00	0.00	0.00	0.00	0.00	0.00	0.00	0.00	BUSINESS; FRIEND	THOMAS MILLER	SAMUEL JEAKE JR	"THOMAS MILLER", "SAMUEL JEAKE JR"	1685	1680-1689	1685-1689	1644	1652	1640-1680	1640-1680	TRUE	TRUE	FALSE	FALSE	8	MALE	MALE	MALE-MALE
201	0.00	0.00	0.00	0.00	0.00	0.00	0.00	1.73	0.00	0.00	0.00	0.00	1.73	0.00	0.00	FAMILY	SAMUEL JEAKE SR	SAMUEL JEAKE JR	"SAMUEL JEAKE SR", "SAMUEL JEAKE JR"	1685	1680-1689	1685-1689	1623	1652	1600-1640	1640-1680	TRUE	TRUE	FALSE	TRUE	29	MALE	MALE	MALE-MALE
202	0.00	0.00	0.00	0.00	0.00	0.00	0.00	0.00	0.00	0.00	0.00	0.00	0.00	0.00	0.00	BUSINESS; FRIEND	THOMAS MILLER	SAMUEL JEAKE JR	"THOMAS MILLER", "SAMUEL JEAKE JR"	1685	1680-1689	1685-1689	1644	1652	1640-1680	1640-1680	TRUE	TRUE	FALSE	FALSE	8	MALE	MALE	MALE-MALE
203	0.00	0.00	0.00	0.00	0.00	0.00	0.00	0.00	0.00	0.00	0.00	0.00	0.00	0.00	0.00	BUSINESS; FRIEND	THOMAS MILLER	SAMUEL JEAKE JR	"THOMAS MILLER", "SAMUEL JEAKE JR"	1685	1680-1689	1685-1689	1644	1652	1640-1680	1640-1680	TRUE	TRUE	FALSE	FALSE	8	MALE	MALE	MALE-MALE
204	0.00	0.00	0.00	0.00	0.00	0.00	0.00	0.00	0.00	0.00	0.00	0.00	0.00	0.00	0.00	FAMILY	SAMUEL JEAKE SR	SAMUEL JEAKE JR	"SAMUEL JEAKE SR", "SAMUEL JEAKE JR"	1685	1680-1689	1685-1689	1623	1652	1600-1640	1640-1680	TRUE	TRUE	FALSE	TRUE	29	MALE	MALE	MALE-MALE
205	0.00	0.00	0.00	0.00	0.00	0.00	0.00	1.73	0.00	0.00	0.00	0.00	0.00	0.00	0.00	FAMILY	SAMUEL JEAKE SR	SAMUEL JEAKE JR	"SAMUEL JEAKE SR", "SAMUEL JEAKE JR"	1685	1680-1689	1685-1689	1623	1652	1600-1640	1640-1680	TRUE	TRUE	FALSE	TRUE	29	MALE	MALE	MALE-MALE
206	0.00	0.00	0.00	0.00	0.00	0.00	0.00	0.00	0.00	0.00	0.00	0.00	0.00	0.00	0.00	BUSINESS; FRIEND	THOMAS MILLER	SAMUEL JEAKE JR	"THOMAS MILLER", "SAMUEL JEAKE JR"	1685	1680-1689	1685-1689	1644	1652	1640-1680	1640-1680	TRUE	TRUE	FALSE	FALSE	8	MALE	MALE	MALE-MALE
207	0.00	0.00	0.00	0.00	0.00	0.00	0.00	0.00	0.00	0.00	0.00	0.00	0.00	0.00	0.00	BUSINESS; FRIEND	THOMAS MILLER	SAMUEL JEAKE JR	"THOMAS MILLER", "SAMUEL JEAKE JR"	1685	1680-1689	1685-1689	1644	1652	1640-1680	1640-1680	TRUE	TRUE	FALSE	FALSE	8	MALE	MALE	MALE-MALE
208	0.00	0.00	0.00	0.00	0.00	0.00	0.00	0.00	0.00	0.00	0.00	0.00	0.00	0.00	0.00	BUSINESS; FRIEND	THOMAS MILLER	SAMUEL JEAKE JR	"THOMAS MILLER", "SAMUEL JEAKE JR"	1685	1680-1689	1685-1689	1644	1652	1640-1680	1640-1680	TRUE	TRUE	FALSE	FALSE	8	MALE	MALE	MALE-MALE
209	0.00	0.00	0.00	0.00	0.00	0.00	0.00	0.00	0.00	0.00	0.00	0.00	0.00	0.00	0.00	BUSINESS; FRIEND	THOMAS MILLER	SAMUEL JEAKE JR	"THOMAS MILLER", "SAMUEL JEAKE JR"	1685	1680-1689	1685-1689	1644	1652	1640-1680	1640-1680	TRUE	TRUE	FALSE	FALSE	8	MALE	MALE	MALE-MALE
210	0.00	0.00	0.00	0.00	0.00	0.00	0.00	0.00	0.00	0.00	0.00	0.00	0.00	0.00	0.00	BUSINESS; FRIEND	THOMAS MILLER	SAMUEL JEAKE JR	"THOMAS MILLER", "SAMUEL JEAKE JR"	1685	1680-1689	1685-1689	1644	1652	1640-1680	1640-1680	TRUE	TRUE	FALSE	FALSE	8	MALE	MALE	MALE-MALE
211	0.00	0.00	0.00	0.00	0.00	0.00	0.00	1.73	0.00	0.00	0.00	0.00	0.00	0.00	0.00	FAMILY	SAMUEL JEAKE SR	SAMUEL JEAKE JR	"SAMUEL JEAKE SR", "SAMUEL JEAKE JR"	1685	1680-1689	1685-1689	1623	1652	1600-1640	1640-1680	TRUE	TRUE	FALSE	TRUE	29	MALE	MALE	MALE-MALE
212	0.00	0.00	0.00	0.00	0.00	0.00	0.00	0.00	0.00	0.00	0.00	0.00	0.00	0.00	0.00	BUSINESS; FRIEND	THOMAS MILLER	SAMUEL JEAKE JR	"THOMAS MILLER", "SAMUEL JEAKE JR"	1686	1680-1689	1685-1689	1644	1652	1640-1680	1640-1680	TRUE	TRUE	FALSE	FALSE	8	MALE	MALE	MALE-MALE
213	0.00	0.00	0.00	0.00	0.00	0.00	0.00	0.00	0.00	0.00	0.00	0.00	0.00	0.00	0.00	EXTENDED FAMILY	RICHARD FREEBODY	SAMUEL JEAKE JR	"RICHARD FREEBODY", "SAMUEL JEAKE JR"	1686	1680-1689	1685-1689	UNK	1652	1640-1680	1640-1680	UNK	UNK	FALSE	UNK		MALE	MALE	MALE-MALE
214	0.00	0.00	0.00	0.00	0.00	0.00	0.00	0.00	0.00	0.00	0.00	0.00	0.00	0.00	0.00	FAMILY	SAMUEL JEAKE SR	SAMUEL JEAKE JR	"SAMUEL JEAKE SR", "SAMUEL JEAKE JR"	1686	1680-1689	1685-1689	1623	1652	1600-1640	1640-1680	TRUE	TRUE	FALSE	TRUE	29	MALE	MALE	MALE-MALE
215	0.00	0.00	0.00	0.00	0.00	0.00	0.00	0.00	0.00	0.00	0.00	0.00	0.00	0.00	0.00	EXTENDED FAMILY	JAMES WIGHTMAN	SAMUEL JEAKE JR	"JAMES WIGHTMAN", "SAMUEL JEAKE JR"	1686	1680-1689	1685-1689	UNK	1652	UNK	1640-1680	UNK	UNK	FALSE	UNK		MALE	MALE	MALE-MALE
216	0.00	0.00	0.00	0.00	0.00	0.00	0.00	0.00	0.00	0.00	0.00	0.00	0.00	0.00	0.00	BUSINESS; FRIEND	THOMAS MILLER	SAMUEL JEAKE JR	"THOMAS MILLER", "SAMUEL JEAKE JR"	1686	1680-1689	1685-1689	1644	1652	1640-1680	1640-1680	TRUE	TRUE	FALSE	FALSE	8	MALE	MALE	MALE-MALE
217	0.00	0.00	0.00	0.00	0.00	0.00	0.00	0.00	0.00	0.00	0.00	0.00	0.00	0.00	0.00	FAMILY	SAMUEL JEAKE JR	ELIZABETH JEAKE	"SAMUEL JEAKE JR", "ELIZABETH JEAKE"	1686	1680-1689	1685-1689	1652	1667	1640-1680	1640-1680	TRUE	FALSE	FALSE	FALSE	15	MALE	FEMALE	MALE-FEMALE
218	0.00	0.00	0.00	0.00	0.00	0.00	0.00	0.00	0.00	0.00	0.00	0.00	0.00	0.00	0.00	FAMILY	ELIZABETH JEAKE	SAMUEL JEAKE JR	"ELIZABETH JEAKE", "SAMUEL JEAKE JR"	1686	1680-1689	1685-1689	1667	1652	1640-1680	1640-1680	FALSE	FALSE	FALSE	FALSE	15	FEMALE	MALE	FEMALE-MALE
219	1.69	0.00	0.00	0.00	0.00	1.73	0.00	0.00	0.00	0.00	0.00	0.00	1.73	0.00	0.00	FAMILY	ELIZABETH JEAKE	SAMUEL JEAKE JR	"ELIZABETH JEAKE", "SAMUEL JEAKE JR"	1686	1680-1689	1685-1689	1667	1652	1640-1680	1640-1680	FALSE	FALSE	FALSE	FALSE	15	FEMALE	MALE	FEMALE-MALE
220	1.69	0.00	1.73	0.00	0.00	0.00	0.00	0.00	0.00	0.00	1.73	0.00	0.00	0.00	0.00	FAMILY	SAMUEL JEAKE JR	ELIZABETH JEAKE	"SAMUEL JEAKE JR", "ELIZABETH JEAKE"	1686	1680-1689	1685-1689	1652	1667	1640-1680	1640-1680	TRUE	FALSE	FALSE	FALSE	15	MALE	FEMALE	MALE-FEMALE
221	0.00	0.00	0.00	0.00	0.00	0.00	0.00	0.00	0.00	0.00	0.00	0.00	0.00	0.00	0.00	FAMILY	NATHANIEL HARTSHORNE	ELIZABETH JEAKE	"NATHANIEL HARTSHORNE", "ELIZABETH JEAKE"				1644	1667	1640-1680	1640-1680	TRUE	TRUE	FALSE	TRUE	23	MALE	FEMALE	MALE-FEMALE
222	0.00	0.00	0.00	0.00	0.00	0.00	0.00	0.00	0.00	0.00	0.00	0.00	0.00	0.00	0.00	FAMILY	SAMUEL JEAKE JR	ELIZABETH JEAKE	"SAMUEL JEAKE JR", "ELIZABETH JEAKE"	1696	1690-1699	1695-1699	1652	1667	1640-1680	1640-1680	TRUE	TRUE	FALSE	FALSE	15	MALE	FEMALE	MALE-FEMALE
223	0.00	0.00	0.00	0.00	1.73	0.00	0.00	0.00	0.00	0.00	0.00	0.00	0.00	0.00	3.46	FAMILY	SAMUEL JEAKE JR	ELIZABETH JEAKE	"SAMUEL JEAKE JR", "ELIZABETH JEAKE"	1696	1690-1699	1695-1699	1652	1667	1640-1680	1640-1680	TRUE	TRUE	FALSE	FALSE	15	MALE	FEMALE	MALE-FEMALE
224	0.00	0.00	0.00	0.00	0.00	0.00	0.00	0.00	0.00	0.00	0.00	0.00	0.00	0.00	0.00	FAMILY	SAMUEL JEAKE JR	ELIZABETH JEAKE	"SAMUEL JEAKE JR", "ELIZABETH JEAKE"	1697	1690-1699	1695-1699	1652	1667	1640-1680	1640-1680	TRUE	TRUE	FALSE	FALSE	15	MALE	FEMALE	MALE-FEMALE
225	0.00	0.00	0.00	0.00	0.00	0.00	0.00	0.00	0.00	0.00	0.00	0.00	0.00	0.00	0.00	FAMILY	SAMUEL JEAKE JR	ELIZABETH JEAKE	"SAMUEL JEAKE JR", "ELIZABETH JEAKE"	1697	1690-1699	1695-1699	1652	1667	1640-1680	1640-1680	TRUE	TRUE	FALSE	FALSE	15	MALE	FEMALE	MALE-FEMALE
226	0.00	0.00	0.00	0.00	0.00	0.00	0.00	0.00	0.00	0.00	0.00	0.00	0.00	0.00	0.00	FAMILY	SAMUEL JEAKE JR	ELIZABETH JEAKE	"SAMUEL JEAKE JR", "ELIZABETH JEAKE"	1697	1690-1699	1695-1699	1652	1667	1640-1680	1640-1680	TRUE	TRUE	FALSE	FALSE	15	MALE	FEMALE	MALE-FEMALE
227	1.69	0.00	0.00	0.00	0.00	1.73	0.00	0.00	0.00	0.00	0.00	0.00	0.00	1.73	0.00	FAMILY	SAMUEL JEAKE JR	ELIZABETH JEAKE	"SAMUEL JEAKE JR", "ELIZABETH JEAKE"	1697	1690-1699	1695-1699	1652	1667	1640-1680	1640-1680	TRUE	TRUE	FALSE	FALSE	15	MALE	FEMALE	MALE-FEMALE
228	0.00	0.00	0.00	0.00	0.00	0.00	0.00	0.00	0.00	0.00	0.00	0.00	0.00	0.00	0.00	FAMILY	SAMUEL JEAKE JR	ELIZABETH JEAKE	"SAMUEL JEAKE JR", "ELIZABETH JEAKE"	1697	1690-1699	1695-1699	1652	1667	1640-1680	1640-1680	TRUE	TRUE	FALSE	FALSE	15	MALE	FEMALE	MALE-FEMALE
229	3.37	0.00	0.00	0.00	0.00	3.46	0.00	0.00	0.00	0.00	0.00	0.00	1.73	0.00	0.00	FAMILY	SAMUEL JEAKE JR	ELIZABETH JEAKE	"SAMUEL JEAKE JR", "ELIZABETH JEAKE"	1697	1690-1699	1695-1699	1652	1667	1640-1680	1640-1680	TRUE	TRUE	FALSE	FALSE	15	MALE	FEMALE	MALE-FEMALE
230	0.00	0.00	0.00	0.00	0.00	0.00	0.00	0.00	0.00	0.00	0.00	0.00	0.00	0.00	0.00	FAMILY	SAMUEL JEAKE JR	ELIZABETH JEAKE	"SAMUEL JEAKE JR", "ELIZABETH JEAKE"	1697	1690-1699	1695-1699	1652	1667	1640-1680	1640-1680	TRUE	TRUE	FALSE	FALSE	15	MALE	FEMALE	MALE-FEMALE
231	0.00	0.00	0.00	0.00	0.00	0.00	0.00	0.00	0.00	0.00	0.00	0.00	0.00	0.00	0.00	FAMILY	SAMUEL JEAKE JR	ELIZABETH JEAKE	"SAMUEL JEAKE JR", "ELIZABETH JEAKE"	1697	1690-1699	1695-1699	1652	1667	1640-1680	1640-1680	TRUE	TRUE	FALSE	FALSE	15	MALE	FEMALE	MALE-FEMALE
232	0.00	0.00	0.00	0.00	0.00	0.00	0.00	0.00	0.00	0.00	0.00	0.00	0.00	0.00	0.00	FAMILY	SAMUEL JEAKE JR	ELIZABETH JEAKE	"SAMUEL JEAKE JR", "ELIZABETH JEAKE"	1697	1690-1699	1695-1699	1652	1667	1640-1680	1640-1680	TRUE	TRUE	FALSE	FALSE	15	MALE	FEMALE	MALE-FEMALE
233	0.00	0.00	0.00	0.00	0.00	0.00	0.00	0.00	0.00	0.00	0.00	0.00	0.00	0.00	0.00	FAMILY	SAMUEL JEAKE JR	ELIZABETH JEAKE	"SAMUEL JEAKE JR", "ELIZABETH JEAKE"	1697	1690-1699	1695-1699	1652	1667	1640-1680	1640-1680	TRUE	TRUE	FALSE	FALSE	15	MALE	FEMALE	MALE-FEMALE
234	0.00	0.00	0.00	0.00	0.00	0.00	0.00	0.00	0.00	0.00	0.00	0.00	0.00	0.00	0.00	FAMILY	SAMUEL JEAKE JR	ELIZABETH JEAKE	"SAMUEL JEAKE JR", "ELIZABETH JEAKE"	1697	1690-1699	1695-1699	1652	1667	1640-1680	1640-1680	TRUE	TRUE	FALSE	FALSE	15	MALE	FEMALE	MALE-FEMALE
235	0.00	0.00	0.00	0.00	0.00	0.00	0.00	0.00	0.00	0.00	0.00	0.00	0.00	0.00	0.00	FAMILY	SAMUEL JEAKE JR	ELIZABETH JEAKE	"SAMUEL JEAKE JR", "ELIZABETH JEAKE"	1697	1690-1699	1695-1699	1652	1667	1640-1680	1640-1680	TRUE	TRUE	FALSE	FALSE	15	MALE	FEMALE	MALE-FEMALE
236	0.00	0.00	0.00	0.00	0.00	0.00	0.00	0.00	0.00	0.00	0.00	0.00	0.00	0.00	0.00	FAMILY	SAMUEL JEAKE JR	ELIZABETH JEAKE	"SAMUEL JEAKE JR", "ELIZABETH JEAKE"	1697	1690-1699	1695-1699	1652	1667	1640-1680	1640-1680	TRUE	TRUE	FALSE	FALSE	15	MALE	FEMALE	MALE-FEMALE
237	0.00	0.00	0.00	0.00	0.00	0.00	0.00	0.00	0.00	0.00	0.00	0.00	0.00	0.00	0.00	FAMILY	SAMUEL JEAKE JR	ELIZABETH JEAKE	"SAMUEL JEAKE JR", "ELIZABETH JEAKE"	1697	1690-1699	1695-1699	1652	1667	1640-1680	1640-1680	TRUE	TRUE	FALSE	FALSE	15	MALE	FEMALE	MALE-FEMALE
238	0.00	0.00	0.00	0.00	0.00	0.00	0.00	0.00	0.00	0.00	0.00	0.00	0.00	0.00	0.00	FAMILY	SAMUEL JEAKE JR	ELIZABETH JEAKE	"SAMUEL JEAKE JR", "ELIZABETH JEAKE"	1697	1690-1699	1695-1699	1652	1667	1640-1680	1640-1680	TRUE	TRUE	FALSE	FALSE	15	MALE	FEMALE	MALE-FEMALE
239	0.00	0.00	0.00	0.00	0.00	0.00	0.00	0.00	0.00	0.00	0.00	0.00	0.00	0.00	0.00	FAMILY	SAMUEL JEAKE JR	ELIZABETH JEAKE	"SAMUEL JEAKE JR", "ELIZABETH JEAKE"	1697	1690-1699	1695-1699	1652	1667	1640-1680	1640-1680	TRUE	TRUE	FALSE	FALSE	15	MALE	FEMALE	MALE-FEMALE
240	0.00	0.00	0.00	0.00	0.00	0.00	0.00	0.00	0.00	0.00	0.00	0.00	0.00	0.00	0.00	FAMILY	SAMUEL JEAKE JR	ELIZABETH JEAKE	"SAMUEL JEAKE JR", "ELIZABETH JEAKE"	1697	1690-1699	1695-1699	1652	1667	1640-1680	1640-1680	TRUE	TRUE	FALSE	FALSE	15	MALE	FEMALE	MALE-FEMALE
241	0.00	0.00	0.00	0.00	0.00	0.00	0.00	0.00	0.00	0.00	0.00	0.00	0.00	0.00	0.00	FAMILY	SAMUEL JEAKE JR	ELIZABETH JEAKE	"SAMUEL JEAKE JR", "ELIZABETH JEAKE"	1697	1690-1699	1695-1699	1652	1667	1640-1680	1640-1680	TRUE	TRUE	FALSE	FALSE	15	MALE	FEMALE	MALE-FEMALE
242	0.00	0.00	0.00	0.00	0.00	0.00	0.00	0.00	0.00	0.00	0.00	0.00	0.00	0.00	0.00	FAMILY	SAMUEL JEAKE JR	ELIZABETH JEAKE	"SAMUEL JEAKE JR", "ELIZABETH JEAKE"	1697	1690-1699	1695-1699	1652	1667	1640-1680	1640-1680	TRUE	TRUE	FALSE	FALSE	15	MALE	FEMALE	MALE-FEMALE
243	1.69	0.00	1.73	0.00	0.00	0.00	0.00	0.00	0.00	0.00	0.00	0.00	0.00	0.00	1.73	FAMILY	SAMUEL JEAKE JR	ELIZABETH JEAKE	"SAMUEL JEAKE JR", "ELIZABETH JEAKE"	1697	1690-1699	1695-1699	1652	1667	1640-1680	1640-1680	TRUE	TRUE	FALSE	FALSE	15	MALE	FEMALE	MALE-FEMALE
244	1.69	0.00	1.73	0.00	0.00	0.00	0.00	0.00	0.00	0.00	1.73	0.00	0.00	0.00	0.00	FAMILY	SAMUEL JEAKE JR	ELIZABETH JEAKE	"SAMUEL JEAKE JR", "ELIZABETH JEAKE"	1697	1690-1699	1695-1699	1652	1667	1640-1680	1640-1680	TRUE	TRUE	FALSE	FALSE	15	MALE	FEMALE	MALE-FEMALE
245	0.00	0.00	0.00	0.00	0.00	0.00	0.00	0.00	0.00	0.00	0.00	0.00	0.00	0.00	0.00	FAMILY	SAMUEL JEAKE JR	ELIZABETH JEAKE	"SAMUEL JEAKE JR", "ELIZABETH JEAKE"	1699	1690-1699	1695-1699	1652	1667	1640-1680	1640-1680	TRUE	TRUE	FALSE	FALSE	15	MALE	FEMALE	MALE-FEMALE
246	0.00	0.00	0.00	0.00	0.00	0.00	0.00	0.00	0.00	0.00	0.00	0.00	0.00	0.00	0.00	FAMILY	SAMUEL JEAKE JR	ELIZABETH JEAKE	"SAMUEL JEAKE JR", "ELIZABETH JEAKE"	1699	1690-1699	1695-1699	1652	1667	1640-1680	1640-1680	TRUE	TRUE	FALSE	FALSE	15	MALE	FEMALE	MALE-FEMALE
247	0.00	0.00	0.00	0.00	0.00	0.00	0.00	0.00	0.00	0.00	0.00	0.00	0.00	0.00	0.00	FAMILY	SAMUEL JEAKE JR	ELIZABETH JEAKE	"SAMUEL JEAKE JR", "ELIZABETH JEAKE"	1699	1690-1699	1695-1699	1652	1667	1640-1680	1640-1680	TRUE	TRUE	FALSE	FALSE	15	MALE	FEMALE	MALE-FEMALE
248	0.00	0.00	0.00	0.00	0.00	0.00	0.00	0.00	0.00	0.00	0.00	0.00	0.00	0.00	0.00	FAMILY	SAMUEL JEAKE JR	ELIZABETH JEAKE	"SAMUEL JEAKE JR", "ELIZABETH JEAKE"	1699	1690-1699	1695-1699	1652	1667	1640-1680	1640-1680	TRUE	TRUE	FALSE	FALSE	15	MALE	FEMALE	MALE-FEMALE
249	0.00	0.00	0.00	0.00	0.00	0.00	0.00	0.00	0.00	0.00	0.00	0.00	0.00	0.00	0.00	FAMILY	SAMUEL JEAKE JR	ELIZABETH JEAKE	"SAMUEL JEAKE JR", "ELIZABETH JEAKE"	1699	1690-1699	1695-1699	1652	1667	1640-1680	1640-1680	TRUE	TRUE	FALSE	FALSE	15	MALE	FEMALE	MALE-FEMALE
250	0.00	0.00	0.00	0.00	0.00	0.00	0.00	0.00	0.00	0.00	0.00	0.00	0.00	0.00	0.00	FAMILY	SAMUEL JEAKE JR	ELIZABETH JEAKE	"SAMUEL JEAKE JR", "ELIZABETH JEAKE"	1699	1690-1699	1695-1699	1652	1667	1640-1680	1640-1680	TRUE	TRUE	FALSE	FALSE	15	MALE	FEMALE	MALE-FEMALE
251	0.00	0.00	0.00	0.00	0.00	0.00	0.00	0.00	0.00	0.00	0.00	0.00	0.00	0.00	0.00	FAMILY	SAMUEL JEAKE JR	ELIZABETH JEAKE	"SAMUEL JEAKE JR", "ELIZABETH JEAKE"	1699	1690-1699	1695-1699	1652	1667	1640-1680	1640-1680	TRUE	TRUE	FALSE	FALSE	15	MALE	FEMALE	MALE-FEMALE
252	0.00	0.00	0.00	0.00	0.00	0.00	0.00	0.00	0.00	0.00	0.00	0.00	0.00	0.00	0.00	FAMILY	SAMUEL JEAKE JR	ELIZABETH JEAKE	"SAMUEL JEAKE JR", "ELIZABETH JEAKE"	1699	1690-1699	1695-1699	1652	1667	1640-1680	1640-1680	TRUE	TRUE	FALSE	FALSE	15	MALE	FEMALE	MALE-FEMALE
253	0.00	0.00	0.00	0.00	0.00	0.00	0.00	0.00	0.00	0.00	0.00	0.00	0.00	0.00	0.00	FAMILY	SAMUEL JEAKE JR	ELIZABETH JEAKE	"SAMUEL JEAKE JR", "ELIZABETH JEAKE"	1699	1690-1699	1695-1699	1652	1667	1640-1680	1640-1680	TRUE	TRUE	FALSE	FALSE	15	MALE	FEMALE	MALE-FEMALE
254	0.00	0.00	0.00	0.00	0.00	0.00	0.00	0.00	0.00	0.00	0.00	0.00	0.00	0.00	0.00	FAMILY	SAMUEL JEAKE JR	ELIZABETH JEAKE	"SAMUEL JEAKE JR", "ELIZABETH JEAKE"	1699	1690-1699	1695-1699	1652	1667	1640-1680	1640-1680	TRUE	TRUE	FALSE	FALSE	15	MALE	FEMALE	MALE-FEMALE
255	0.00	0.00	0.00	0.00	0.00	0.00	0.00	0.00	0.00	0.00	0.00	0.00	0.00	0.00	0.00	FAMILY	BARBARA HARTSHORNE	ELIZABETH JEAKE JUNIOR	"BARBARA HARTSHORNE", "ELIZABETH JEAKE JUNIOR"	1699	1690-1699	1695-1699	UNK	1688	1600-1640	1680-1720	TRUE	TRUE	FALSE	TRUE		FEMALE	FEMALE	FEMALE-FEMALE
256	0.00	0.00	0.00	0.00	0.00	0.00	0.00	0.00	0.00	0.00	0.00	0.00	0.00	0.00	0.00	FAMILY	BARBARA HARTSHORNE	ELIZABETH JEAKE JUNIOR	"BARBARA HARTSHORNE", "ELIZABETH JEAKE JUNIOR"	1699	1690-1699	1695-1699	UNK	1688	1600-1640	1680-1720	TRUE	TRUE	FALSE	TRUE		FEMALE	FEMALE	FEMALE-FEMALE
257	8.43	0.00	0.00	0.00	0.00	0.00	3.46	0.00	0.00	0.00	0.00	0.00	1.73	0.00	0.00	FAMILY	SAMUEL JEAKE JR	ELIZABETH JEAKE JUNIOR	"SAMUEL JEAKE JR", "ELIZABETH JEAKE JUNIOR"	1699	1690-1699	1695-1699	1652	1688	1640-1680	1680-1720	TRUE	TRUE	FALSE	TRUE	36	MALE	FEMALE	MALE-FEMALE
259	0.00	0.00	0.00	0.00	0.00	0.00	0.00	0.00	0.00	0.00	0.00	0.00	0.00	0.00	0.00	FAMILY	ELIZABETH JEAKE	BARBARA HARTSHORNE	"ELIZABETH JEAKE", "BARBARA HARTSHORNE"	1701	1700-1709	1700-1705	1667	UNK	1640-1680	1600-1640	FALSE	FALSE	TRUE	TRUE		FEMALE	FEMALE	FEMALE-FEMALE
260	0.00	0.00	0.00	0.00	0.00	0.00	0.00	0.00	0.00	0.00	0.00	0.00	0.00	0.00	0.00	FAMILY	ELIZABETH JEAKE	BARBARA HARTSHORNE	"ELIZABETH JEAKE", "BARBARA HARTSHORNE"	1701	1700-1709	1700-1705	1667	UNK	1640-1680	1600-1640	FALSE	FALSE	TRUE	TRUE		FEMALE	FEMALE	FEMALE-FEMALE
261	0.00	0.00	0.00	0.00	0.00	1.73	0.00	0.00	0.00	0.00	0.00	0.00	1.73	0.00	0.00	FAMILY	ELIZABETH JEAKE	BARBARA HARTSHORNE	"ELIZABETH JEAKE", "BARBARA HARTSHORNE"	1701	1700-1709	1700-1705	1667	UNK	1640-1680	1600-1640	FALSE	FALSE	TRUE	TRUE		FEMALE	FEMALE	FEMALE-FEMALE
262	0.00	0.00	0.00	0.00	0.00	0.00	0.00	0.00	0.00	0.00	0.00	0.00	0.00	0.00	0.00	FAMILY	ELIZABETH JEAKE	BARBARA HARTSHORNE	"ELIZABETH JEAKE", "BARBARA HARTSHORNE"	1701	1700-1709	1700-1705	1667	UNK	1640-1680	1600-1640	FALSE	FALSE	TRUE	TRUE		FEMALE	FEMALE	FEMALE-FEMALE
263	0.00	0.00	0.00	0.00	0.00	0.00	0.00	0.00	0.00	0.00	0.00	0.00	0.00	0.00	0.00	FAMILY	ELIZABETH JEAKE	BARBARA HARTSHORNE	"ELIZABETH JEAKE", "BARBARA HARTSHORNE"	1701	1700-1709	1700-1705	1667	UNK	1640-1680	1600-1640	FALSE	FALSE	TRUE	TRUE		FEMALE	FEMALE	FEMALE-FEMALE
264	0.00	0.00	0.00	0.00	0.00	0.00	0.00	0.00	0.00	0.00	0.00	0.00	0.00	0.00	0.00	FAMILY	ELIZABETH JEAKE	BARBARA HARTSHORNE	"ELIZABETH JEAKE", "BARBARA HARTSHORNE"	1701	1700-1709	1700-1705	1667	UNK	1640-1680	1600-1640	FALSE	FALSE	TRUE	TRUE		FEMALE	FEMALE	FEMALE-FEMALE
265	0.00	0.00	0.00	0.00	0.00	0.00	0.00	0.00	0.00	0.00	0.00	0.00	0.00	0.00	0.00	FAMILY	ELIZABETH JEAKE	BARBARA HARTSHORNE	"ELIZABETH JEAKE", "BARBARA HARTSHORNE"	1701	1700-1709	1700-1705	1667	UNK	1640-1680	1600-1640	FALSE	FALSE	TRUE	TRUE		FEMALE	FEMALE	FEMALE-FEMALE
266	0.00	0.00	0.00	0.00	0.00	0.00	0.00	0.00	0.00	0.00	0.00	0.00	0.00	0.00	0.00	FAMILY	ELIZABETH JEAKE	BARBARA HARTSHORNE	"ELIZABETH JEAKE", "BARBARA HARTSHORNE"	1701	1700-1709	1700-1705	1667	UNK	1640-1680	1600-1640	FALSE	FALSE	TRUE	TRUE		FEMALE	FEMALE	FEMALE-FEMALE
267	0.00	0.00	0.00	0.00	0.00	0.00	0.00	0.00	0.00	0.00	0.00	0.00	0.00	0.00	0.00	FAMILY	ELIZABETH JEAKE	BARBARA HARTSHORNE	"ELIZABETH JEAKE", "BARBARA HARTSHORNE"	1701	1700-1709	1700-1705	1667	UNK	1640-1680	1600-1640	FALSE	FALSE	TRUE	TRUE		FEMALE	FEMALE	FEMALE-FEMALE
268	0.00	0.00	0.00	0.00	0.00	0.00	0.00	0.00	0.00	0.00	0.00	0.00	0.00	0.00	0.00	FAMILY	ELIZABETH JEAKE JUNIOR	ELIZABETH JEAKE	"ELIZABETH JEAKE JUNIOR", "ELIZABETH JEAKE"	1701	1700-1709	1700-1705	1688	1667	1680-1720	1640-1680	FALSE	FALSE	FALSE	TRUE	21	FEMALE	FEMALE	FEMALE-FEMALE
269	1.69	0.00	0.00	0.00	0.00	1.73	0.00	0.00	0.00	0.00	0.00	0.00	0.00	0.00	1.73	FAMILY	ELIZABETH JEAKE	BARBARA HARTSHORNE	"ELIZABETH JEAKE", "BARBARA HARTSHORNE"	1701	1700-1709	1700-1705	1667	UNK	1640-1680	1600-1640	FALSE	FALSE	TRUE	TRUE		FEMALE	FEMALE	FEMALE-FEMALE
270	0.00	0.00	0.00	0.00	0.00	0.00	0.00	0.00	0.00	0.00	0.00	0.00	0.00	0.00	0.00	FAMILY	ELIZABETH JEAKE	BARBARA HARTSHORNE	"ELIZABETH JEAKE", "BARBARA HARTSHORNE"	1701	1700-1709	1700-1705	1667	UNK	1640-1680	1600-1640	FALSE	FALSE	TRUE	TRUE		FEMALE	FEMALE	FEMALE-FEMALE
271	0.00	0.00	0.00	0.00	0.00	0.00	0.00	0.00	0.00	0.00	0.00	0.00	0.00	0.00	0.00	FAMILY	ELIZABETH JEAKE	BARBARA HARTSHORNE	"ELIZABETH JEAKE", "BARBARA HARTSHORNE"	1701	1700-1709	1700-1705	1667	UNK	1640-1680	1600-1640	FALSE	FALSE	TRUE	TRUE		FEMALE	FEMALE	FEMALE-FEMALE
272	0.00	0.00	0.00	0.00	0.00	0.00	0.00	0.00	0.00	0.00	0.00	0.00	0.00	0.00	0.00	FAMILY	ELIZABETH JEAKE	BARBARA HARTSHORNE	"ELIZABETH JEAKE", "BARBARA HARTSHORNE"	1701	1700-1709	1700-1705	1667	UNK	1640-1680	1600-1640	FALSE	FALSE	TRUE	TRUE		FEMALE	FEMALE	FEMALE-FEMALE
273	0.00	0.00	0.00	0.00	0.00	0.00	0.00	0.00	0.00	0.00	0.00	0.00	0.00	0.00	0.00	FAMILY	ELIZABETH JEAKE JUNIOR	BARBARA HARTSHORNE	"ELIZABETH JEAKE JUNIOR", "BARBARA HARTSHORNE"	1701	1700-1709	1700-1705	1688	UNK	1680-1720	1600-1640	FALSE	FALSE	TRUE	TRUE		FEMALE	FEMALE	FEMALE-FEMALE
274	1.69	0.00	1.73	0.00	0.00	0.00	0.00	0.00	0.00	0.00	0.00	1.73	0.00	0.00	0.00	FAMILY	ELIZABETH JEAKE	BARBARA HARTSHORNE	"ELIZABETH JEAKE", "BARBARA HARTSHORNE"	1701	1700-1709	1700-1705	1667	UNK	1640-1680	1600-1640	FALSE	FALSE	TRUE	TRUE		FEMALE	FEMALE	FEMALE-FEMALE
275	0.00	0.00	0.00	0.00	0.00	0.00	0.00	0.00	0.00	0.00	0.00	0.00	0.00	0.00	0.00	FAMILY	ELIZABETH JEAKE	BARBARA HARTSHORNE	"ELIZABETH JEAKE", "BARBARA HARTSHORNE"	1701	1700-1709	1700-1705	1667	UNK	1640-1680	1600-1640	FALSE	FALSE	TRUE	TRUE		FEMALE	FEMALE	FEMALE-FEMALE
276	0.00	0.00	0.00	0.00	0.00	0.00	0.00	0.00	0.00	0.00	0.00	0.00	0.00	0.00	0.00	FAMILY	ELIZABETH JEAKE	BARBARA HARTSHORNE	"ELIZABETH JEAKE", "BARBARA HARTSHORNE"	1701	1700-1709	1700-1705	1667	UNK	1640-1680	1600-1640	FALSE	FALSE	TRUE	TRUE		FEMALE	FEMALE	FEMALE-FEMALE
277	0.00	0.00	0.00	0.00	0.00	0.00	0.00	0.00	0.00	0.00	0.00	0.00	0.00	0.00	0.00	FAMILY	ELIZABETH JEAKE	BARBARA HARTSHORNE	"ELIZABETH JEAKE", "BARBARA HARTSHORNE"	1701	1700-1709	1700-1705	1667	UNK	1640-1680	1600-1640	FALSE	FALSE	TRUE	TRUE		FEMALE	FEMALE	FEMALE-FEMALE
278	0.00	0.00	0.00	0.00	0.00	0.00	0.00	0.00	0.00	0.00	0.00	0.00	0.00	0.00	0.00	FAMILY	ELIZABETH JEAKE	BARBARA HARTSHORNE	"ELIZABETH JEAKE", "BARBARA HARTSHORNE"	1701	1700-1709	1700-1705	1667	UNK	1640-1680	1600-1640	FALSE	FALSE	TRUE	TRUE		FEMALE	FEMALE	FEMALE-FEMALE
279	0.00	0.00	0.00	0.00	0.00	0.00	0.00	0.00	0.00	0.00	0.00	0.00	0.00	0.00	0.00	FAMILY	ELIZABETH JEAKE	BARBARA HARTSHORNE	"ELIZABETH JEAKE", "BARBARA HARTSHORNE"	1701	1700-1709	1700-1705	1667	UNK	1640-1680	1600-1640	FALSE	FALSE	TRUE	TRUE		FEMALE	FEMALE	FEMALE-FEMALE
280	1.69	0.00	1.73	0.00	0.00	0.00	0.00	0.00	0.00	0.00	1.73	0.00	0.00	0.00	0.00	FAMILY	ELIZABETH JEAKE	BARBARA HARTSHORNE	"ELIZABETH JEAKE", "BARBARA HARTSHORNE"	1701	1700-1709	1700-1705	1667	UNK	1640-1680	1600-1640	FALSE	FALSE	TRUE	TRUE		FEMALE	FEMALE	FEMALE-FEMALE
282	0.00	0.00	0.00	0.00	0.00	0.00	0.00	0.00	0.00	0.00	0.00	0.00	0.00	0.00	0.00	FAMILY	FRANCIS JEAKE	ELIZABETH JEAKE	"FRANCIS JEAKE", "ELIZABETH JEAKE"	1712	1710-1719	1710-1714	1700	1667	1680-1720	1640-1680	FALSE	FALSE	TRUE	TRUE	33	MALE	FEMALE	MALE-FEMALE
283	0.00	0.00	0.00	0.00	0.00	0.00	0.00	0.00	0.00	0.00	0.00	0.00	0.00	0.00	0.00	FAMILY	FRANCIS JEAKE	ELIZABETH JEAKE	"FRANCIS JEAKE", "ELIZABETH JEAKE"	1712	1710-1719	1710-1714	1700	1667	1680-1720	1640-1680	FALSE	FALSE	TRUE	TRUE	33	MALE	FEMALE	MALE-FEMALE
284	0.00	0.00	0.00	0.00	0.00	0.00	0.00	0.00	0.00	0.00	0.00	0.00	0.00	0.00	0.00	FAMILY	FRANCIS JEAKE	JOSEPH TUCKER	"FRANCIS JEAKE", "JOSEPH TUCKER"	1714	1710-1719	1710-1714	1700	UNK	1680-1720	1640-1680	FALSE	FALSE	TRUE	TRUE		MALE	MALE	MALE-MALE
285	0.00	0.00	0.00	0.00	0.00	0.00	0.00	0.00	0.00	0.00	0.00	0.00	0.00	0.00	0.00	FAMILY	FRANCIS JEAKE	JOSEPH TUCKER	"FRANCIS JEAKE", "JOSEPH TUCKER"	1716	1710-1719	1715-1719	1700	UNK	1680-1720	1640-1680	FALSE	FALSE	TRUE	TRUE		MALE	MALE	MALE-MALE
286	0.00	0.00	0.00	0.00	0.00	0.00	0.00	0.00	0.00	0.00	0.00	0.00	0.00	0.00	0.00	FAMILY	FRANCIS JEAKE	ELIZABETH TUCKER AND BARBARA JEAKE	"FRANCIS JEAKE", "ELIZABETH TUCKER AND BARBARA JEAKE"	1716	1710-1719	1715-1719	1700	MULT	1680-1720	MULT	MULT	FALSE	MULT	MULT		MALE	FEMALE	MALE-FEMALE
287	0.00	0.00	0.00	0.00	0.00	0.00	0.00	0.00	0.00	0.00	0.00	0.00	0.00	0.00	0.00	FAMILY	FRANCIS JEAKE	JOSEPH TUCKER	"FRANCIS JEAKE", "JOSEPH TUCKER"	1716	1710-1719	1715-1719	1700	UNK	1680-1720	1640-1680	FALSE	FALSE	TRUE	TRUE		MALE	MALE	MALE-MALE
288	1.69	0.00	0.00	1.73	0.00	0.00	0.00	0.00	0.00	0.00	0.00	0.00	0.00	0.00	1.73	FAMILY	FRANCIS JEAKE	JOSEPH TUCKER	"FRANCIS JEAKE", "JOSEPH TUCKER"	1716	1710-1719	1715-1719	1700	UNK	1680-1720	1640-1680	FALSE	FALSE	TRUE	TRUE		MALE	MALE	MALE-MALE
289	0.00	0.00	0.00	0.00	0.00	0.00	0.00	0.00	0.00	0.00	0.00	0.00	0.00	0.00	0.00	FAMILY	FRANCIS JEAKE	JOSEPH TUCKER	"FRANCIS JEAKE", "JOSEPH TUCKER"	1716	1710-1719	1715-1719	1700	UNK	1680-1720	1640-1680	FALSE	FALSE	TRUE	TRUE		MALE	MALE	MALE-MALE
290	0.00	0.00	0.00	0.00	0.00	1.73	0.00	0.00	0.00	0.00	0.00	0.00	0.00	0.00	0.00	FAMILY	FRANCIS JEAKE	JOSEPH TUCKER	"FRANCIS JEAKE", "JOSEPH TUCKER"	1716	1710-1719	1715-1719	1700	UNK	1680-1720	1640-1680	FALSE	FALSE	TRUE	TRUE		MALE	MALE	MALE-MALE
291	0.00	0.00	0.00	0.00	0.00	0.00	0.00	0.00	0.00	0.00	0.00	0.00	0.00	0.00	0.00	FAMILY	FRANCIS JEAKE	ELIZABETH JEAKE	"FRANCIS JEAKE", "ELIZABETH JEAKE"	1716	1710-1719	1715-1719	1700	1667	1680-1720	1640-1680	FALSE	FALSE	TRUE	TRUE	33	MALE	FEMALE	MALE-FEMALE
292	1.69	0.00	0.00	0.00	0.00	1.73	0.00	0.00	0.00	0.00	0.00	0.00	1.73	0.00	0.00	FAMILY	ELIZABETH JEAKE	BARBARA JEAKE	"ELIZABETH JEAKE", "BARBARA JEAKE"	1716	1710-1719	1715-1719	1667	1695	1640-1680	1680-1720	TRUE	TRUE	FALSE	TRUE	28	FEMALE	FEMALE	FEMALE-FEMALE
293	3.37	0.00	0.00	0.00	0.00	1.73	1.73	0.00	0.00	0.00	0.00	0.00	3.46	0.00	0.00	FAMILY	ELIZABETH JEAKE	BARBARA JEAKE	"ELIZABETH JEAKE", "BARBARA JEAKE"	1716	1710-1719	1715-1719	1667	1695	1640-1680	1680-1720	TRUE	TRUE	FALSE	TRUE	28	FEMALE	FEMALE	FEMALE-FEMALE
294	0.00	0.00	0.00	0.00	0.00	0.00	0.00	0.00	0.00	0.00	0.00	0.00	0.00	0.00	0.00	FAMILY	ELIZABETH JEAKE	SAMUEL JEAKE III	"ELIZABETH JEAKE", "SAMUEL JEAKE III"	1725	1720-1729	1725-1729	1667	1697	1640-1680	1680-1720	TRUE	TRUE	FALSE	TRUE	30	FEMALE	MALE	FEMALE-MALE
295	3.37	0.00	1.73	0.00	0.00	1.73	0.00	0.00	0.00	0.00	0.00	0.00	0.00	0.00	1.73	FAMILY	ELIZABETH JEAKE	BARBARA JEAKE	"ELIZABETH JEAKE", "BARBARA JEAKE"	1728	1720-1729	1725-1729	1667	1695	1640-1680	1680-1720	TRUE	TRUE	FALSE	TRUE	28	FEMALE	FEMALE	FEMALE-FEMALE
296	0.00	0.00	0.00	0.00	0.00	0.00	0.00	0.00	0.00	0.00	0.00	0.00	0.00	0.00	0.00	FAMILY	ELIZABETH JEAKE	BARBARA JEAKE	"ELIZABETH JEAKE", "BARBARA JEAKE"	1733	1730-1739	1730-1734	1667	1695	1640-1680	1680-1720	TRUE	TRUE	FALSE	TRUE	28	FEMALE	FEMALE	FEMALE-FEMALE
297	0.00	0.00	0.00	0.00	0.00	0.00	0.00	0.00	0.00	0.00	0.00	0.00	0.00	0.00	0.00	FAMILY	ELIZABETH JEAKE	BARBARA JEAKE	"ELIZABETH JEAKE", "BARBARA JEAKE"	1733	1730-1739	1730-1734	1667	1695	1640-1680	1680-1720	TRUE	TRUE	FALSE	TRUE	28	FEMALE	FEMALE	FEMALE-FEMALE
298	1.69	0.00	0.00	0.00	0.00	1.73	0.00	0.00	0.00	0.00	0.00	0.00	1.73	0.00	0.00	FAMILY	ELIZABETH JEAKE	BARBARA JEAKE	"ELIZABETH JEAKE", "BARBARA JEAKE"	1733	1730-1739	1730-1734	1667	1695	1640-1680	1680-1720	TRUE	TRUE	FALSE	TRUE	28	FEMALE	FEMALE	FEMALE-FEMALE